product_id,product_name,main_category,sub_category,discounted_price,actual_price,discount_percentage,savings,rating,rating_count
B07JW9H4J1,Wayona Nylon Braided USB to Lightning Fast Charging and Data Sync Cable Compa...,Computers & Accessories,Accessories & Peripherals,399.0,1099.0,64,700.0,4.2,24269
B098NS6PVG,Ambrane Unbreakable 60W / 3A Fast Charging 1.5m Braided Type C Cable for Smar...,Computers & Accessories,Accessories & Peripherals,199.0,349.0,43,150.0,4.0,43994
B096MSW6CT,Sounce Fast Phone Charging Cable & Data Sync USB Cable Compatible for iPhone...,Computers & Accessories,Accessories & Peripherals,199.0,1899.0,90,1700.0,3.9,7928
B08HDJ86NZ,"boAt Deuce USB 300 2 in 1 Type-C & Micro USB Stress Resistant, Tangle-Free, S...",Computers & Accessories,Accessories & Peripherals,329.0,699.0,53,370.0,4.2,94363
B08CF3B7N1,Portronics Konnect L 1.2M Fast Charging 3A 8 Pin USB Cable with Charge & Sync...,Computers & Accessories,Accessories & Peripherals,154.0,399.0,61,245.0,4.2,16905
B08Y1TFSP6,"pTron Solero TB301 3A Type-C Data and Fast Charging Cable, Made in India, 480...",Computers & Accessories,Accessories & Peripherals,149.0,1000.0,85,851.0,3.9,24871
B08WRWPM22,"boAt Micro USB 55 Tangle-free, Sturdy Micro USB Cable with 3A Fast Charging &...",Computers & Accessories,Accessories & Peripherals,176.63,499.0,65,322.37,4.1,15188
B08DDRGWTJ,MI Usb Type-C Cable Smartphone (Black),Computers & Accessories,Accessories & Peripherals,229.0,299.0,23,70.0,4.3,30411
B008IFXQFU,"TP-Link USB WiFi Adapter for PC(TL-WN725N), N150 Wireless Network Adapter for...",Computers & Accessories,Networking Devices,499.0,999.0,50,500.0,4.2,179691
B082LZGK39,Ambrane Unbreakable 60W / 3A Fast Charging 1.5m Braided Micro USB Cable for S...,Computers & Accessories,Accessories & Peripherals,199.0,299.0,33,100.0,4.0,43994
B08CF3D7QR,Portronics Konnect L POR-1081 Fast Charging 3A Type-C Cable 1.2Meter with Cha...,Computers & Accessories,Accessories & Peripherals,154.0,339.0,55,185.0,4.3,13391
B0789LZTCJ,boAt Rugged v3 Extra Tough Unbreakable Braided Micro USB Cable 1.5 Meter (Black),Computers & Accessories,Accessories & Peripherals,299.0,799.0,63,500.0,4.2,94363
B07KSMBL2H,"AmazonBasics Flexible Premium HDMI Cable (Black, 4K@60Hz, 18Gbps), 3-Foot",Electronics,"Home Theater,TV & Video",219.0,700.0,69,481.0,4.4,426973
B085DTN6R2,Portronics Konnect CL 20W POR-1067 Type-C to 8 Pin USB 1.2M Cable with Power...,Computers & Accessories,Accessories & Peripherals,350.0,899.0,61,549.0,4.2,2262
B09KLVMZ3B,Portronics Konnect L 1.2M POR-1401 Fast Charging 3A 8 Pin USB Cable with Char...,Computers & Accessories,Accessories & Peripherals,159.0,399.0,60,240.0,4.1,4768
B083342NKJ,MI Braided USB Type-C Cable for Charging Adapter (Red),Computers & Accessories,Accessories & Peripherals,349.0,399.0,13,50.0,4.4,18757
B0B6F7LX4C,MI 80 cm (32 inches) 5A Series HD Ready Smart Android LED TV L32M7-5AIN (Black),Electronics,"Home Theater,TV & Video",13999.0,24999.0,44,11000.0,4.2,32840
B082LSVT4B,Ambrane Unbreakable 60W / 3A Fast Charging 1.5m Braided Type C to Type C Cabl...,Computers & Accessories,Accessories & Peripherals,249.0,399.0,38,150.0,4.0,43994
B08WRBG3XW,"boAt Type C A325 Tangle-free, Sturdy Type C Cable with 3A Rapid Charging & 48...",Computers & Accessories,Accessories & Peripherals,199.0,499.0,60,300.0,4.1,13045
B08DPLCM6T,LG 80 cm (32 inches) HD Ready Smart LED TV 32LM563BPTC (Dark Iron Gray),Electronics,"Home Theater,TV & Video",13490.0,21990.0,39,8500.0,4.3,11976
B09C6HXFC1,Duracell USB Lightning Apple Certified (Mfi) Braided Sync & Charge Cable For...,Computers & Accessories,Accessories & Peripherals,970.0,1799.0,46,829.0,4.5,815
B085194JFL,"tizum HDMI to VGA Adapter Cable 1080P for Projector, Computer, Laptop, TV, Pr...",Electronics,"Home Theater,TV & Video",279.0,499.0,44,220.0,3.7,10962
B09F6S8BT6,Samsung 80 cm (32 Inches) Wondertainment Series HD Ready LED Smart TV UA32T43...,Electronics,"Home Theater,TV & Video",13490.0,22900.0,41,9410.0,4.3,16299
B09NHVCHS9,Flix Micro Usb Cable For Smartphone (Black),Computers & Accessories,Accessories & Peripherals,59.0,199.0,70,140.0,4.0,9378
B0B1YVCJ2Y,Acer 80 cm (32 inches) I Series HD Ready Android Smart LED TV AR32AR2841HDFL...,Electronics,"Home Theater,TV & Video",11499.0,19990.0,42,8491.0,4.3,4703
B01M4GGIVU,Tizum High Speed HDMI Cable with Ethernet | Supports 3D 4K | for All HDMI Dev...,Electronics,"Home Theater,TV & Video",199.0,699.0,72,500.0,4.2,12153
B08B42LWKN,OnePlus 80 cm (32 inches) Y Series HD Ready LED Smart Android TV 32Y1 (Black),Electronics,"Home Theater,TV & Video",14999.0,19999.0,25,5000.0,4.2,34899
B094JNXNPV,Ambrane Unbreakable 3 in 1 Fast Charging Braided Multipurpose Cable for Speak...,Computers & Accessories,Accessories & Peripherals,299.0,399.0,25,100.0,4.0,2766
B09W5XR9RT,Duracell USB C To Lightning Apple Certified (Mfi) Braided Sync & Charge Cable...,Computers & Accessories,Accessories & Peripherals,970.0,1999.0,51,1029.0,4.4,184
B077Z65HSD,"boAt A400 USB Type-C to USB-A 2.0 Male Data Cable, 2 Meter (Black)",Computers & Accessories,Accessories & Peripherals,299.0,999.0,70,700.0,4.3,20850
B00NH11PEY,AmazonBasics USB 2.0 - A-Male to A-Female Extension Cable for Personal Comput...,Computers & Accessories,Accessories & Peripherals,199.0,750.0,73,551.0,4.5,74976
B09CMM3VGK,Ambrane 60W / 3A Type C Fast Charging Unbreakable 1.5m L Shaped Braided Cable...,Computers & Accessories,Accessories & Peripherals,179.0,499.0,64,320.0,4.0,1934
B08QSC1XY8,Zoul USB C 60W Fast Charging 3A 6ft/2M Long Type C Nylon Braided Data Cable Q...,Computers & Accessories,Accessories & Peripherals,389.0,1099.0,65,710.0,4.3,974
B008FWZGSG,"Samsung Original Type C to C Cable - 3.28 Feet (1 Meter), White",Computers & Accessories,Accessories & Peripherals,599.0,599.0,0,0.0,4.3,355
B0B4HJNPV4,pTron Solero T351 3.5Amps Fast Charging Type-C to Type-C PD Data & Charging U...,Computers & Accessories,Accessories & Peripherals,199.0,999.0,80,800.0,3.9,1075
B08Y1SJVV5,"pTron Solero MB301 3A Micro USB Data & Charging Cable, Made in India, 480Mbps...",Computers & Accessories,Accessories & Peripherals,99.0,666.66,85,567.66,3.9,24871
B07XLCFSSN,"Amazonbasics Nylon Braided Usb-C To Lightning Cable, Fast Charging Mfi Certif...",Computers & Accessories,Accessories & Peripherals,899.0,1900.0,53,1001.0,4.4,13552
B09RZS1NQT,"Sounce 65W OnePlus Dash Warp Charge Cable, 6.5A Type-C to USB C PD Data Sync...",Computers & Accessories,Accessories & Peripherals,199.0,999.0,80,800.0,4.0,576
B0B3MMYHYW,OnePlus 126 cm (50 inches) Y Series 4K Ultra HD Smart Android LED TV 50Y1S Pr...,Electronics,"Home Theater,TV & Video",32999.0,45999.0,28,13000.0,4.2,7298
B09C6HWG18,"Duracell Type C To Type C 5A (100W) Braided Sync & Fast Charging Cable, 3.9 F...",Computers & Accessories,Accessories & Peripherals,970.0,1999.0,51,1029.0,4.2,462
B00NH11KIK,"AmazonBasics USB 2.0 Cable - A-Male to B-Male - for Personal Computer, Printe...",Computers & Accessories,Accessories & Peripherals,209.0,695.0,70,486.0,4.5,107687
B09JPC82QC,Mi 108 cm (43 inches) Full HD Android LED TV 4C | L43M6-INC (Black),Electronics,"Home Theater,TV & Video",19999.0,34999.0,43,15000.0,4.3,27151
B07JW1Y6XV,Wayona Nylon Braided 3A Lightning to USB A Syncing and Fast Charging Data Cab...,Computers & Accessories,Accessories & Peripherals,399.0,1099.0,64,700.0,4.2,24269
B07KRCW6LZ,TP-Link Nano AC600 USB Wi-Fi Adapter(Archer T2U Nano)- 2.4G/5G Dual Band Wire...,Computers & Accessories,Networking Devices,999.0,1599.0,38,600.0,4.3,12093
B09NJN8L25,"FLiX (Beetel USB to Micro USB PVC Data Sync & 2A Fast Charging Cable, Made in...",Computers & Accessories,Accessories & Peripherals,59.0,199.0,70,140.0,4.0,9378
B07XJYYH7L,Wecool Nylon Braided Multifunction Fast Charging Cable For Android Smartphone...,Computers & Accessories,Accessories & Peripherals,333.0,999.0,67,666.0,3.3,9792
B002PD61Y4,D-Link DWA-131 300 Mbps Wireless Nano USB Adapter (Black),Computers & Accessories,Networking Devices,507.0,1208.0,58,701.0,4.1,8131
B014I8SSD0,"Amazon Basics High-Speed HDMI Cable, 6 Feet - Supports Ethernet, 3D, 4K video...",Electronics,"Home Theater,TV & Video",309.0,475.0,35,166.0,4.4,426973
B09L8DSSFH,7SEVEN® Compatible for Samsung Smart 4K Ultra HD TV Monitor Remote Control Re...,Electronics,"Home Theater,TV & Video",399.0,999.0,60,600.0,3.6,493
B07232M876,"Amazonbasics Micro Usb Fast Charging Cable For Android Smartphone,Personal Co...",Computers & Accessories,Accessories & Peripherals,199.0,395.0,50,196.0,4.2,92595
B07P681N66,TP-Link AC600 600 Mbps WiFi Wireless Network USB Adapter for Desktop PC with...,Computers & Accessories,Networking Devices,1199.0,2199.0,45,1000.0,4.4,24780
B0711PVX6Z,AmazonBasics Micro USB Fast Charging Cable for Android Phones with Gold Plate...,Computers & Accessories,Accessories & Peripherals,179.0,500.0,64,321.0,4.2,92595
B082T6V3DT,"AmazonBasics New Release Nylon USB-A to Lightning Cable Cord, Fast Charging M...",Computers & Accessories,Accessories & Peripherals,799.0,2100.0,62,1301.0,4.3,8188
B07MKFNHKG,VW 80 cm (32 inches) Frameless Series HD Ready LED TV VW32A (Black),Electronics,"Home Theater,TV & Video",6999.0,12999.0,46,6000.0,4.2,4003
B0BFWGBX61,Ambrane Unbreakable 3A Fast Charging Braided Type C Cable    1.5 Meter (RCT15...,Computers & Accessories,Accessories & Peripherals,199.0,349.0,43,150.0,4.1,314
B01N90RZ4M,Tata Sky Universal Remote,Electronics,"Home Theater,TV & Video",230.0,499.0,54,269.0,3.7,2960
B0088TKTY2,TP-LINK WiFi Dongle 300 Mbps Mini Wireless Network USB Wi-Fi Adapter for PC D...,Computers & Accessories,Networking Devices,649.0,1399.0,54,750.0,4.2,179691
B09Q5SWVBJ,OnePlus 80 cm (32 inches) Y Series HD Ready Smart Android LED TV 32 Y1S (Black),Electronics,"Home Theater,TV & Video",15999.0,21999.0,27,6000.0,4.2,34899
B0B4DT8MKT,"Wecool Unbreakable 3 in 1 Charging Cable with 3A Speed, Fast Charging Multi P...",Computers & Accessories,Accessories & Peripherals,348.0,1499.0,77,1151.0,4.2,656
B08CDKQ8T6,"Portronics Konnect L 1.2Mtr, Fast Charging 3A Micro USB Cable with Charge & S...",Computers & Accessories,Accessories & Peripherals,154.0,349.0,56,195.0,4.3,7064
B07B275VN9,"Airtel DigitalTV DTH Television, Setup Box Remote Compatible for SD and HD Re...",Electronics,"Home Theater,TV & Video",179.0,799.0,78,620.0,3.7,2201
B0B15CPR37,Samsung 108 cm (43 inches) Crystal 4K Neo Series Ultra HD Smart LED TV UA43AU...,Electronics,"Home Theater,TV & Video",32990.0,47900.0,31,14910.0,4.3,7109
B0994GFWBH,Lapster 1.5 mtr USB 2.0 Type A Male to USB A Male Cable for computer and laptop,Computers & Accessories,Accessories & Peripherals,139.0,999.0,86,860.0,4.0,1313
B01GGKZ0V6,AmazonBasics USB Type-C to USB Type-C 2.0 Cable - 3 Feet Laptop (0.9 Meters)...,Computers & Accessories,Accessories & Peripherals,329.0,845.0,61,516.0,4.2,29746
B09F9YQQ7B,Redmi 80 cm (32 inches) Android 11 Series HD Ready Smart LED TV | L32M6-RA/L3...,Electronics,"Home Theater,TV & Video",13999.0,24999.0,44,11000.0,4.2,45238
B014I8SX4Y,"Amazon Basics High-Speed HDMI Cable, 6 Feet (2-Pack),Black",Electronics,"Home Theater,TV & Video",309.0,1400.0,78,1091.0,4.4,426973
B09Q8HMKZX,Portronics Konnect L 20W PD Quick Charge Type-C to 8-Pin USB Mobile Charging...,Computers & Accessories,Accessories & Peripherals,263.0,699.0,62,436.0,4.1,450
B0B9XN9S3W,Acer 80 cm (32 inches) N Series HD Ready TV AR32NSV53HD (Black),Electronics,"Home Theater,TV & Video",7999.0,14990.0,47,6991.0,4.3,457
B07966M8XH,Model-P4 6 Way Swivel Tilt Wall Mount 32-55-inch Full Motion Cantilever for L...,Electronics,"Home Theater,TV & Video",1599.0,2999.0,47,1400.0,4.2,2727
B01GGKYKQM,Amazon Basics USB Type-C to USB-A 2.0 Male Fast Charging Cable for Laptop - 3...,Computers & Accessories,Accessories & Peripherals,219.0,700.0,69,481.0,4.3,20053
B0B86CDHL1,oraimo 65W Type C to C Fast Charging Cable USB C to USB C Cable High Speed Sy...,Computers & Accessories,Accessories & Peripherals,349.0,899.0,61,550.0,4.5,149
B0B5ZF3NRK,"CEDO 65W OnePlus Dash Warp Charge Cable, USB A to Type C Data Sync Fast Charg...",Computers & Accessories,Accessories & Peripherals,349.0,599.0,42,250.0,4.1,210
B09RFC46VP,Redmi 108 cm (43 inches) 4K Ultra HD Android Smart LED TV X43 | L43R7-7AIN (B...,Electronics,"Home Theater,TV & Video",26999.0,42999.0,37,16000.0,4.2,45238
B08R69VDHT,"Pinnaclz Original Combo of 2 Micro USB Fast Charging Cable, USB Charging Cabl...",Computers & Accessories,Accessories & Peripherals,115.0,499.0,77,384.0,4.0,7732
B09RWZRCP1,"boAt Type C A750 Stress Resistant, Tangle-free, Sturdy Flat Cable with 6.5A F...",Computers & Accessories,Accessories & Peripherals,399.0,999.0,60,600.0,4.1,1780
B09CMP1SC8,"Ambrane 2 in 1 Type-C & Micro USB Cable with 60W / 3A Fast Charging, 480 mbps...",Computers & Accessories,Accessories & Peripherals,199.0,499.0,60,300.0,4.1,602
B09YLXYP7Y,"Ambrane 60W / 3A Fast Charging Output Cable with Type-C to USB for Mobile, Ne...",Computers & Accessories,Accessories & Peripherals,179.0,399.0,55,220.0,4.0,1423
B09ZPM4C2C,TCL 80 cm (32 inches) HD Ready Certified Android Smart LED TV 32S5205 (Black),Electronics,"Home Theater,TV & Video",10901.0,30990.0,65,20089.0,4.1,398
B0B2DJDCPX,SWAPKART Fast Charging Cable and Data Sync USB Cable Compatible for iPhone 6/...,Computers & Accessories,Accessories & Peripherals,209.0,499.0,58,290.0,3.9,536
B0BCZCQTJX,Firestick Remote,Electronics,"Home Theater,TV & Video",1434.0,3999.0,64,2565.0,4.0,32
B07LGT55SJ,"Wayona Usb Nylon Braided Data Sync And Charging Cable For Iphone, Ipad Tablet...",Computers & Accessories,Accessories & Peripherals,399.0,1099.0,64,700.0,4.2,24269
B09NKZXMWJ,"Flix (Beetel) Usb To Type C Pvc Data Sync And 2A 480Mbps Data Sync, Tough Fas...",Computers & Accessories,Accessories & Peripherals,139.0,249.0,44,110.0,4.0,9378
B08QX1CC14,SKYWALL 81.28 cm (32 inches) HD Ready Smart LED TV 32SWELS-PRO (Black),Electronics,"Home Theater,TV & Video",7299.0,19125.0,62,11826.0,3.4,902
B0974H97TJ,"boAt A 350 Type C Cable for Smartphone, Charging Adapter (1.5m, Carbon Black)",Computers & Accessories,Accessories & Peripherals,299.0,799.0,63,500.0,4.4,28791
B07GVGTSLN,Wayona Usb Type C Fast Charger Cable Fast Charging Usb C Cable/Cord Compatibl...,Computers & Accessories,Accessories & Peripherals,325.0,1299.0,75,974.0,4.2,10576
B09VCHLSJF,OnePlus 108 cm (43 inches) Y Series 4K Ultra HD Smart Android LED TV 43Y1S Pr...,Electronics,"Home Theater,TV & Video",29999.0,39999.0,25,10000.0,4.2,7298
B0B1YZX72F,Acer 127 cm (50 inches) I Series 4K Ultra HD Android Smart LED TV AR50AR2851U...,Electronics,"Home Theater,TV & Video",27999.0,40990.0,32,12991.0,4.3,4703
B092BJMT8Q,Samsung 108 cm (43 inches) Crystal 4K Series Ultra HD Smart LED TV UA43AUE60A...,Electronics,"Home Theater,TV & Video",30990.0,52900.0,41,21910.0,4.3,7109
B0BMXMLSMM,"Lapster 65W compatible for OnePlus Dash Warp Charge Cable , type c to c cable...",Computers & Accessories,Accessories & Peripherals,199.0,999.0,80,800.0,4.5,127
B07JH1C41D,Wayona Nylon Braided (2 Pack) Lightning Fast Usb Data Cable Fast Charger Cord...,Computers & Accessories,Accessories & Peripherals,649.0,1999.0,68,1350.0,4.2,24269
B0141EZMAI,"Gizga Essentials USB WiFi Adapter for PC, 150 Mbps Wireless Network Adapter f...",Computers & Accessories,Networking Devices,269.0,800.0,66,531.0,3.6,10134
B09Q5P2MT3,OnePlus 108 cm (43 inches) Y Series Full HD Smart Android LED TV 43 Y1S (Black),Electronics,"Home Theater,TV & Video",24999.0,31999.0,22,7000.0,4.2,34899
B08HDH26JX,"boAt Deuce USB 300 2 in 1 Type-C & Micro USB Stress Resistant, Sturdy Cable w...",Computers & Accessories,Accessories & Peripherals,299.0,699.0,57,400.0,4.2,94363
B09VT6JKRP,Lapster USB 3.0 A to Micro B SuperSpeed for hard disk cable - short cable,Computers & Accessories,Accessories & Peripherals,199.0,999.0,80,800.0,4.1,425
B09T3KB6JZ,TCL 100 cm (40 inches) Full HD Certified Android R Smart LED TV 40S6505 (Black),Electronics,"Home Theater,TV & Video",18990.0,40990.0,54,22000.0,4.2,6659
B093QCY6YJ,ZEBRONICS ZEB-USB150WF1 WiFi USB Mini Adapter Supports 150 Mbps Wireless Data...,Computers & Accessories,Networking Devices,290.0,349.0,17,59.0,3.7,1977
B093ZNQZ2Y,"LOHAYA Remote Compatible for Mi Smart LED TV 4A Remote Control (32""/43"") [ Co...",Electronics,"Home Theater,TV & Video",249.0,799.0,69,550.0,3.8,1079
B08LKS3LSP,"Gilary Multi Charging Cable, 3 in 1 Nylon Braided Fast Charging Cable for iPh...",Computers & Accessories,Accessories & Peripherals,345.0,999.0,65,654.0,3.7,1097
B00V4BGDKU,TP-Link UE300 USB 3.0 to RJ45 Gigabit Ethernet Network Adapter - Plug and Play,Computers & Accessories,Networking Devices,1099.0,1899.0,42,800.0,4.5,22420
B08CHKQ8D4,Wayona Type C to Lightning MFI Certified 20W Fast charging Nylon Braided USB...,Computers & Accessories,Accessories & Peripherals,719.0,1499.0,52,780.0,4.1,1045
B09BW334ML,Dealfreez Case Compatible with Fire TV Stick 3rd Gen 2021 Full Wrap Silicone...,Electronics,"Home Theater,TV & Video",349.0,1499.0,77,1150.0,4.3,4145
B082T6GVLJ,"Amazon Basics New Release Nylon USB-A to Lightning Cable Cord, Fast Charging...",Computers & Accessories,Accessories & Peripherals,849.0,1809.0,53,960.0,4.3,6547
B07DL1KC3H,Isoelite Remote Compatible for Samsung LED/LCD Remote Control Works with All...,Electronics,"Home Theater,TV & Video",299.0,899.0,67,600.0,4.0,1588
B0B6F98KJJ,MI 100 cm (40 inches) 5A Series Full HD Smart Android LED TV with 24W Dolby A...,Electronics,"Home Theater,TV & Video",21999.0,29999.0,27,8000.0,4.2,32840
B07JNVF678,Wayona Nylon Braided USB Data Sync and Fast Charging 3A Short Power Bank Cabl...,Computers & Accessories,Accessories & Peripherals,349.0,999.0,65,650.0,4.2,13120
B09QGZFBPM,Wayona Type C To Type C Long Fast Charging Cable Type C Charger Cord Compatib...,Computers & Accessories,Accessories & Peripherals,399.0,999.0,60,600.0,4.3,2806
B07JGDB5M1,Wayona Nylon Braided 2M / 6Ft Fast Charge Usb To Lightning Data Sync And Char...,Computers & Accessories,Accessories & Peripherals,449.0,1299.0,65,850.0,4.2,24269
B0981XSZJ7,CROSSVOLT Compatible Dash/Warp Data Sync Fast Charging Cable Supported for Al...,Computers & Accessories,Accessories & Peripherals,299.0,999.0,70,700.0,4.3,766
B0B9XLX8VR,VU 139 cm (55 inches) The GloLED Series 4K Smart LED Google TV 55GloLED (Grey),Electronics,"Home Theater,TV & Video",37999.0,65000.0,42,27001.0,4.3,3587
B08Y5KXR6Z,"PTron Solero T241 2.4A Type-C Data & Charging USB Cable, Made in India, 480Mb...",Computers & Accessories,Accessories & Peripherals,99.0,800.0,88,701.0,3.9,24871
B09F6VHQXB,"Croma 80 cm (32 Inches) HD Ready LED TV (CREL7369, Black) (2021 Model)",Electronics,"Home Theater,TV & Video",7390.0,20000.0,63,12610.0,4.1,2581
B0974G5Q2Y,"boAt Laptop, Smartphone Type-c A400 Male Data Cable (Carbon Black)",Computers & Accessories,Accessories & Peripherals,273.1,999.0,73,725.9,4.3,20850
B09YL9SN9B,LG 80 cm (32 inches) HD Ready Smart LED TV 32LQ576BPSA (Ceramic Black),Electronics,"Home Theater,TV & Video",15990.0,23990.0,33,8000.0,4.3,1035
B09RX1FK54,"boAt Type C A750 Stress Resistant, Tangle-free, Sturdy Flat Cable with 6.5A F...",Computers & Accessories,Accessories & Peripherals,399.0,999.0,60,600.0,4.1,1780
B09TT6BFDX,Cotbolt Silicone Protective Case Cover for LG an MR21GA Magic Remote Shockpro...,Electronics,"Home Theater,TV & Video",399.0,1999.0,80,1600.0,4.5,505
B09KH58JZR,Portronics Konnect L POR-1403 Fast Charging 3A Type-C Cable 1.2 Meter with Ch...,Computers & Accessories,Accessories & Peripherals,210.0,399.0,47,189.0,4.1,1717
B09DDCQFMT,Electvision Remote Control Compatible with Amazon Fire tv Stick (Pairing Manu...,Electronics,"Home Theater,TV & Video",1299.0,1999.0,35,700.0,3.6,590
B08RP2L2NL,"King Shine Multi Retractable 3.0A Fast Charger Cord, Multiple Charging Cable...",Computers & Accessories,Accessories & Peripherals,347.0,999.0,65,652.0,3.5,1121
B0B4G2MWSB,"Lapster 5 pin mini usb cable, usb b cable,camera cable usb2.0 for External HD...",Computers & Accessories,Accessories & Peripherals,149.0,999.0,85,850.0,4.0,1313
B0B21C4BMX,"Portronics Konnect Spydr 31 3-in-1 Multi Functional Cable with 3.0A Output, T...",Computers & Accessories,Accessories & Peripherals,228.0,899.0,75,671.0,3.8,132
B084MZXJNK,"Belkin Apple Certified Lightning To Type C Cable, Tough Unbreakable Braided F...",Computers & Accessories,Accessories & Peripherals,1599.0,1999.0,20,400.0,4.4,1951
B0BHZCNC4P,Remote Control Compatible for Amazon Fire Tv Stick Remote Control [ 3rd Gen ]...,Electronics,"Home Theater,TV & Video",1499.0,3999.0,63,2500.0,3.7,37
B0B16KD737,VW 80 cm (32 inches) Playwall Frameless Series HD Ready Android Smart LED TV...,Electronics,"Home Theater,TV & Video",8499.0,15999.0,47,7500.0,4.3,592
B099K9ZX65,Hisense 108 cm (43 inches) 4K Ultra HD Smart Certified Android LED TV 43A6GE...,Electronics,"Home Theater,TV & Video",20990.0,44990.0,53,24000.0,4.1,1259
B08Y55LPBF,Redmi 126 cm (50 inches) 4K Ultra HD Android Smart LED TV X50 | L50M6-RA (Black),Electronics,"Home Theater,TV & Video",32999.0,44999.0,27,12000.0,4.2,45238
B015OW3M1W,AmazonBasics 6-Feet DisplayPort (not USB port) to HDMI Cable Black,Electronics,"Home Theater,TV & Video",799.0,1700.0,53,901.0,4.1,28638
B01D5H8ZI8,AmazonBasics 3 Feet High Speed HDMI Male to Female 2.0 Extension Cable,Electronics,"Home Theater,TV & Video",229.0,595.0,62,366.0,4.3,12835
B09X1M3DHX,iFFALCON 80 cm (32 inches) HD Ready Smart LED TV 32F53 (Black),Electronics,"Home Theater,TV & Video",9999.0,27990.0,64,17991.0,4.2,1269
B09MM6P76N,7SEVEN® Compatible Lg Smart Tv Remote Suitable for Any LG LED OLED LCD UHD Pl...,Electronics,"Home Theater,TV & Video",349.0,599.0,42,250.0,4.2,284
B01D5H8LDM,"AmazonBasics 3.5mm to 2-Male RCA Adapter Cable For Tablet, Smartphone (Black,...",Electronics,"Home Theater,TV & Video",489.0,1200.0,59,711.0,4.4,69538
B0B1YY6JJL,Acer 109 cm (43 inches) I Series 4K Ultra HD Android Smart LED TV AR43AR2851U...,Electronics,"Home Theater,TV & Video",23999.0,34990.0,31,10991.0,4.3,4703
B09QGZM8QB,Wayona Usb Type C 65W 6Ft/2M Long Fast Charging Cable Compatible For Samsung...,Computers & Accessories,Accessories & Peripherals,399.0,999.0,60,600.0,4.3,2806
B08L4SBJRY,"Saifsmart Outlet Wall Mount Hanger Holder for Dot 3rd Gen, Compact Bracket Ca...",Electronics,Home Audio,349.0,1299.0,73,950.0,4.0,3295
B09X79PP8F,"MI 2-in-1 USB Type C Cable (Micro USB to Type C) 30cm for Smartphone, Headpho...",Computers & Accessories,Accessories & Peripherals,179.0,299.0,40,120.0,3.9,81
B082T6GVG9,"AmazonBasics New Release ABS USB-A to Lightning Cable Cord, Fast Charging MFi...",Computers & Accessories,Accessories & Peripherals,689.0,1500.0,54,811.0,4.2,42301
B0B3XY5YT4,LG 108 cm (43 inches) 4K Ultra HD Smart LED TV 43UQ7500PSF (Ceramic Black),Electronics,"Home Theater,TV & Video",30990.0,49990.0,38,19000.0,4.3,1376
B0B4HKH19N,"pTron Solero 331 3.4Amps Multifunction Fast Charging Cable, 3-in-1 USB Cable...",Computers & Accessories,Accessories & Peripherals,249.0,931.0,73,682.0,3.9,1075
B08TGG316Z,"10k 8k 4k HDMI Cable, Certified 48Gbps 1ms Ultra High Speed HDMI 2.1 Cable 4k...",Electronics,"Home Theater,TV & Video",999.0,2399.0,58,1400.0,4.6,3664
B071VMP1Z4,LRIPL Compatible Sony Bravia LCD/led Remote Works with Almost All Sony led/LC...,Electronics,"Home Theater,TV & Video",399.0,399.0,0,0.0,3.9,1951
B071SDRGWL,"boAt Type-c A400 Type-c to USB A Cable for All Type C Phones (Lg nexus 5x), 1...",Computers & Accessories,Accessories & Peripherals,349.0,699.0,50,350.0,4.3,20850
B08PSQRW2T,Zoul Type C to Type C Fast Charging Cable 65W 2M/6ft USB C Nylon Braided Cord...,Computers & Accessories,Accessories & Peripherals,399.0,1099.0,64,700.0,4.1,2685
B0859M539M,"TP-LINK AC1300 Archer T3U Plus High Gain USB 3.0 Wi-Fi Dongle, Wireless Dual...",Computers & Accessories,Networking Devices,1699.0,2999.0,43,1300.0,4.4,24780
B08RX8G496,LRIPL Mi Remote Control with Netflix & Prime Video Button Compatible for Mi 4...,Electronics,"Home Theater,TV & Video",655.0,1099.0,40,444.0,3.2,285
B002SZEOLG,TP-Link Nano USB WiFi Dongle 150Mbps High Gain Wireless Network Wi-Fi Adapter...,Computers & Accessories,Networking Devices,749.0,1339.0,44,590.0,4.2,179692
B08CS3BT4L,Kodak 80 cm (32 inches) HD Ready Certified Android LED TV 32HDX7XPRO (Black),Electronics,"Home Theater,TV & Video",9999.0,12999.0,23,3000.0,4.2,6088
B00RFWNJMC,Airtel DigitalTV DTH Remote SD/HD/HD Recording Compatible for Television (Shi...,Electronics,"Home Theater,TV & Video",195.0,499.0,61,304.0,3.7,1383
B082T6GXS5,"AmazonBasics New Release Nylon USB-A to Lightning Cable Cord, MFi Certified C...",Computers & Accessories,Accessories & Peripherals,999.0,2100.0,52,1101.0,4.5,5492
B09CMQRQM6,"Ambrane Fast 100W Output Cable with Type-C to Type-C for Mobile, Laptop, Macb...",Computers & Accessories,Accessories & Peripherals,499.0,899.0,44,400.0,4.2,919
B005LJQMCK,BlueRigger Digital Optical Audio Toslink Cable (3.3 Feet / 1 Meter) With 8 Ch...,Electronics,"Home Theater,TV & Video",416.0,599.0,31,183.0,4.2,30023
B09C6H53KH,"Duracell Type-C To Micro 1.2M braided Sync & Charge Cable, USB C to Micro Fas...",Computers & Accessories,Accessories & Peripherals,368.0,699.0,47,331.0,4.2,387
B0BB3CBFBM,VU 138 cm (55 inches) Premium Series 4K Ultra HD Smart IPS LED TV 55UT (Black),Electronics,"Home Theater,TV & Video",29990.0,65000.0,54,35010.0,4.1,211
B08QSDKFGQ,Zoul USB Type C Fast Charging 3A Nylon Braided Data Cable Quick Charger Cable...,Computers & Accessories,Accessories & Peripherals,339.0,1099.0,69,760.0,4.3,974
B08PV1X771,Samsung 80 cm (32 inches) Wondertainment Series HD Ready LED Smart TV UA32TE4...,Electronics,"Home Theater,TV & Video",15490.0,20900.0,26,5410.0,4.3,16299
B07YTNKVJQ,MI Xiaomi USB Type C HYperCharge Cable 6A 100cm Sturdy and Durable Black Supp...,Computers & Accessories,Accessories & Peripherals,499.0,1299.0,62,800.0,4.3,30411
B0117H7GZ6,GENERIC Ultra-Mini Bluetooth CSR 4.0 USB Dongle Adapter for Windows Computer...,Computers & Accessories,Networking Devices,249.0,399.0,38,150.0,3.4,4642
B09XJ1LM7R,7SEVEN® Compatible for Tata Sky Remote Original Set Top HD Box and Suitable f...,Electronics,"Home Theater,TV & Video",399.0,799.0,50,400.0,4.3,12
B084N133Y7,"Belkin Apple Certified Lightning To Type C Cable, Fast Charging For Iphone, I...",Computers & Accessories,Accessories & Peripherals,1499.0,1999.0,25,500.0,4.4,1951
B088Z1YWBC,EGate i9 Pro-Max 1080p Native Full HD Projector 4k Support | 3600 L (330 ANSI...,Electronics,"Home Theater,TV & Video",9490.0,15990.0,41,6500.0,3.9,10480
B07VSG5SXZ,"ZEBRONICS HAA2021 HDMI version 2.1 cable with 8K @ 60Hz, 4K @ 120Hz, eARC & C...",Electronics,"Home Theater,TV & Video",637.0,1499.0,58,862.0,4.1,24
B08RWCZ6SY,7SEVEN® Compatible for Sony Bravia LCD LED UHD OLED QLED 4K Ultra HD TV remot...,Electronics,"Home Theater,TV & Video",399.0,899.0,56,500.0,3.9,254
B07KSB1MLX,AmazonBasics Digital Optical Coax to Analog RCA Audio Converter Adapter with...,Electronics,"Home Theater,TV & Video",1089.0,1600.0,32,511.0,4.0,3565
B081FG1QYX,Wayona Type C Cable Nylon Braided USB C QC 3.0 Fast Charging Short Power Bank...,Computers & Accessories,Accessories & Peripherals,339.0,999.0,66,660.0,4.3,6255
B08R69WBN7,"Pinnaclz Original Combo of 2 USB Type C Fast Charging Cable, USB C Data Cable...",Computers & Accessories,Accessories & Peripherals,149.0,499.0,70,350.0,4.0,7732
B0B3RHX6B6,Ambrane BCL-15 Lightning Cable for Smartphone (1.5m Black),Computers & Accessories,Accessories & Peripherals,149.0,399.0,63,250.0,3.9,57
B084N18QZY,"Belkin USB C to USB-C Fast Charging Type C Cable, 60W PD, 3.3 feet (1 meter)...",Computers & Accessories,Accessories & Peripherals,599.0,849.0,29,250.0,4.5,577
B081NHWT6Z,LOHAYA Television Remote Compatible with Samsung Smart LED/LCD/HD TV Remote C...,Electronics,"Home Theater,TV & Video",299.0,1199.0,75,900.0,3.9,1193
B07JPJJZ2H,"Wayona Nylon Braided Lightning USB Data Sync & 3A Charging Cable for iPhones,...",Computers & Accessories,Accessories & Peripherals,399.0,1299.0,69,900.0,4.2,13120
B09JKNF147,Electvision Remote Control Compatible with Kodak/Thomson Smart led tv (Withou...,Electronics,"Home Theater,TV & Video",339.0,1999.0,83,1660.0,4.0,343
B0B9959XF3,Acer 80 cm (32 inches) S Series HD Ready Android Smart LED TV AR32AR2841HDSB...,Electronics,"Home Theater,TV & Video",12499.0,22990.0,46,10491.0,4.3,1611
B09PNR6F8Q,"realme 10W Fast Charging Micro-USB Cable (Braided, Black)",Computers & Accessories,Accessories & Peripherals,249.0,399.0,38,150.0,4.0,6558
B07M69276N,TP-Link AC1300 USB WiFi Adapter (Archer T3U) - 2.4G/5G Dual Band Mini Wireles...,Computers & Accessories,Networking Devices,1399.0,2499.0,44,1100.0,4.4,23169
B0B1YZ9CB8,Acer 139 cm (55 inches) I Series 4K Ultra HD Android Smart LED TV AR55AR2851U...,Electronics,"Home Theater,TV & Video",32999.0,47990.0,31,14991.0,4.3,4703
B09YLYB9PB,"Ambrane 60W / 3A Fast Charging Output Cable with Micro to USB for Mobile, Nec...",Computers & Accessories,Accessories & Peripherals,149.0,399.0,63,250.0,4.0,1423
B08CTNJ985,Wayona USB Type C 65W Fast Charging 2M/6Ft Long Flash Charge Cable 3A QC 3.0...,Computers & Accessories,Accessories & Peripherals,325.0,999.0,67,674.0,4.3,2651
B0BP7XLX48,Syncwire LTG to USB Cable for Fast Charging Compatible with Phone 5/ 5C/ 5S/...,Computers & Accessories,Accessories & Peripherals,399.0,1999.0,80,1600.0,5.0,5
B09LHXNZLR,"Skadioo WiFi Adapter for pc | Car Accessories, WiFi Dongle for pc | USB WiFi...",Computers & Accessories,Networking Devices,199.0,499.0,60,300.0,3.7,612
B0B3N8VG24,"FLiX (Beetel USB to Type C PVC Data Sync & 15W(3A) TPE Fast Charging Cable, M...",Computers & Accessories,Accessories & Peripherals,88.0,299.0,71,211.0,4.0,9378
B08PSVBB2X,Zoul USB C to USB C Fast Charging Cable 65W Type C to Type C Nylon Braided Co...,Computers & Accessories,Accessories & Peripherals,399.0,1099.0,64,700.0,4.1,2685
B0B3MQXNFB,FLiX (Beetel Flow USB to Micro USB PVC Data Sync & 12W(2.4A) Fast Charging Ca...,Computers & Accessories,Accessories & Peripherals,57.89,199.0,71,141.11,4.0,9378
B08XMSKKMM,7SEVEN® Bluetooth Voice Command Remote for Xiaomi Redmi Mi Smart TV with Netf...,Electronics,"Home Theater,TV & Video",799.0,1999.0,60,1200.0,3.3,576
B09L8DT7D6,Sony TV - Remote Compatible for Sony LED Remote Control Works with Sony LED T...,Electronics,"Home Theater,TV & Video",205.0,499.0,59,294.0,3.8,313
B00GE55L22,Storite USB 3.0 Cable A to Micro B high Speed Upto 5 Gbps Data Transfer Cable...,Computers & Accessories,Accessories & Peripherals,299.0,699.0,57,400.0,4.1,2957
B0162K34H2,"boAt LTG 500 Apple MFI Certified for iPhone, iPad and iPod 2Mtr Data Cable(Sp...",Computers & Accessories,Accessories & Peripherals,849.0,999.0,15,150.0,4.1,6736
B0B8SRZ5SV,AmazonBasics USB C to Lightning Aluminum with Nylon Braided MFi Certified Cha...,Computers & Accessories,Accessories & Peripherals,949.0,1999.0,53,1050.0,4.4,13552
B07CWNJLPC,AmazonBasics Double Braided Nylon USB Type-C to Type-C 2.0 Cable Smartphone (...,Computers & Accessories,Accessories & Peripherals,499.0,1200.0,58,701.0,4.3,5451
B00NH12R1O,"Amazon Basics USB 3.0 Cable - A Male to Micro B - 6 Feet (1.8 Meters), Black",Computers & Accessories,Accessories & Peripherals,299.0,485.0,38,186.0,4.3,10911
B0B8SSC5D9,AmazonBasics USB C to Lightning Aluminum with Nylon Braided MFi Certified Cha...,Computers & Accessories,Accessories & Peripherals,949.0,1999.0,53,1050.0,4.4,13552
B08WKG2MWT,Wayona Usb C 65W Fast Charging Cable Compatible For Tablets Samsung S22 S20 S...,Computers & Accessories,Accessories & Peripherals,379.0,1099.0,66,720.0,4.3,2806
B0B466C3G4,Karbonn 80 cm (32 inches) Millenium Bezel-Less Series HD Ready Smart LED TV K...,Electronics,"Home Theater,TV & Video",8990.0,18990.0,53,10000.0,3.9,350
B005LJQMZC,BlueRigger Digital Optical Audio Toslink Cable (6 Feet / 1.8 Meter) With 8 Ch...,Electronics,"Home Theater,TV & Video",486.0,1999.0,76,1513.0,4.2,30023
B07MDRGHWQ,VW 60 cm (24 inches) Premium Series HD Ready LED TV VW24A (Black),Electronics,"Home Theater,TV & Video",5699.0,11000.0,48,5301.0,4.2,4003
B07DC4RZPY,"Amazon Basics USB A to Lightning MFi Certified Charging Cable (White, 1.2 meter)",Computers & Accessories,Accessories & Peripherals,709.0,1999.0,65,1290.0,4.1,178817
B0B15GSPQW,Samsung 138 cm (55 inches) Crystal 4K Neo Series Ultra HD Smart LED TV UA55AU...,Electronics,"Home Theater,TV & Video",47990.0,70900.0,32,22910.0,4.3,7109
B08GJNM9N7,LOHAYA Television Remote Compatible for VU LED LCD HD Tv Remote Control Model...,Electronics,"Home Theater,TV & Video",299.0,1199.0,75,900.0,3.7,490
B09C6FML9B,"Duracell Micro USB 3A Braided Sync & Fast Charging Cable, 3.9 Feet (1.2M). Su...",Computers & Accessories,Accessories & Peripherals,320.0,599.0,47,279.0,4.1,491
B0B65MJ45G,"Zebronics CU3100V Fast charging Type C cable with QC 18W support, 3A max capa...",Computers & Accessories,Accessories & Peripherals,139.0,549.0,75,410.0,3.9,61
B08P9RYPLR,FLiX (Beetel) USB to iPhone Lightning Textured Pattern Data Sync & 2A Fast Ch...,Computers & Accessories,Accessories & Peripherals,129.0,249.0,48,120.0,4.0,9378
B0B6F8HHR6,MI 108 cm (43 inches) 5A Series Full HD Smart Android LED TV L43M7-EAIN (Black),Electronics,"Home Theater,TV & Video",24999.0,35999.0,31,11000.0,4.2,32840
B084MZXJN6,"Belkin Apple Certified Lightning to USB Charge and Sync Cable for iPhone, iPa...",Computers & Accessories,Accessories & Peripherals,999.0,1699.0,41,700.0,4.4,7318
B08XMG618K,Time Office Scanner Replacement Cable for Startek FM220U (Type C) Ivory,Computers & Accessories,Accessories & Peripherals,225.0,499.0,55,274.0,4.1,789
B0BCKWZ884,Caldipree Silicone Case Cover Compatible for 2022 Samsung Smart TV Remote QLE...,Electronics,"Home Theater,TV & Video",547.0,2999.0,82,2452.0,4.3,407
B00GGGOYEK,Storite USB 2.0 A to Mini 5 pin B Cable for External HDDS/Camera/Card Readers...,Computers & Accessories,Accessories & Peripherals,259.0,699.0,63,440.0,3.8,2399
B07ZR4S1G4,Universal Remote Control for All Sony TV for All LCD LED and Bravia TVs Remote,Electronics,"Home Theater,TV & Video",239.0,699.0,66,460.0,4.4,2640
B09C635BMM,Cotbolt Silicone Case Cover Compatible for Samsung BN59-01312A QLED 8K 4K Sma...,Electronics,"Home Theater,TV & Video",349.0,999.0,65,650.0,4.0,839
B00GG59HU2,"BlueRigger High Speed HDMI Cable with Ethernet - Supports 3D, 4K 60Hz and Aud...",Electronics,"Home Theater,TV & Video",467.0,599.0,22,132.0,4.4,44054
B00RGLI0ZS,Amkette 30 Pin to USB Charging & Data Sync Cable for iPhone 3G/3GS/4/4s/iPad...,Computers & Accessories,Accessories & Peripherals,449.0,599.0,25,150.0,4.0,3231
B09ZPJT8B2,TCL 80 cm (32 inches) HD Ready Certified Android Smart LED TV 32S615 (Black),Electronics,"Home Theater,TV & Video",11990.0,31990.0,63,20000.0,4.2,64
B07HZ2QCGR,POPIO Type C Dash Charging USB Data Cable for OnePlus Devices,Computers & Accessories,Accessories & Peripherals,350.0,599.0,42,249.0,3.9,8314
B095244Q22,MYVN LTG to USB for Fast Charging & Data Sync USB Cable Compatible for iPhone...,Computers & Accessories,Accessories & Peripherals,252.0,999.0,75,747.0,3.7,2249
B08CKW1KH9,Tata Sky Universal Remote Compatible for SD/HD,Electronics,"Home Theater,TV & Video",204.0,599.0,66,395.0,3.6,339
B0BLV1GNLN,WZATCO Pixel | Portable LED Projector | Native 720p with Full HD 1080P Suppor...,Electronics,"Home Theater,TV & Video",6490.0,9990.0,35,3500.0,4.0,27
B08RHPDNVV,7SEVEN® Compatible Tata Sky Remote Control Replacement of Original dth SD HD...,Electronics,"Home Theater,TV & Video",235.0,599.0,61,364.0,3.5,197
B00NH13Q8W,"AmazonBasics USB 2.0 Extension Cable for Personal Computer, Printer, 2-Pack -...",Computers & Accessories,Accessories & Peripherals,299.0,800.0,63,501.0,4.5,74977
B0B8SSZ76F,"Amazon Basics USB C to Lightning TPE MFi Certified Charging Cable (White, 1.2...",Computers & Accessories,Accessories & Peripherals,799.0,1999.0,60,1200.0,4.2,8583
B0841KQR1Z,Crypo™ Universal Remote Compatible with Tata Sky Universal HD & SD Set top Bo...,Electronics,"Home Theater,TV & Video",299.0,999.0,70,700.0,3.8,928
B0B467CCB9,Karbonn 80 cm (32 Inches) Millennium Series HD Ready LED TV KJW32NSHDF (Phant...,Electronics,"Home Theater,TV & Video",6999.0,16990.0,59,9991.0,3.8,110
B095JQVC7N,OnePlus 138.7 cm (55 inches) U Series 4K LED Smart Android TV 55U1S (Black),Electronics,"Home Theater,TV & Video",42999.0,59999.0,28,17000.0,4.1,6753
B08PPHFXG3,Posh 1.5 Meter High Speed Gold Plated HDMI Male to Female Extension Cable (Bl...,Electronics,"Home Theater,TV & Video",173.0,999.0,83,826.0,4.3,1237
B06XR9PR5X,"Amazon Basics HDMI Coupler,Black",Electronics,Home Audio,209.0,600.0,65,391.0,4.4,18872
B09JSW16QD,boAt LTG 550v3 Lightning Apple MFi Certified Cable with Spaceship Grade Alumi...,Computers & Accessories,Accessories & Peripherals,848.99,1490.0,43,641.01,3.9,356
B07JH1CBGW,Wayona Nylon Braided Usb Syncing And Charging Cable Sync And Charging Cable F...,Computers & Accessories,Accessories & Peripherals,649.0,1999.0,68,1350.0,4.2,24269
B09127FZCK,Astigo Compatible Remote for Airtel Digital Set Top Box (Pairing Required wit...,Electronics,"Home Theater,TV & Video",299.0,899.0,67,600.0,3.8,425
B083GQGT3Z,Caprigo Heavy Duty TV Wall Mount Stand for 12 to 27 inches LED/LCD/Monitor Sc...,Electronics,"Home Theater,TV & Video",399.0,799.0,50,400.0,4.1,1161
B09Q8WQ5QJ,"Portronics Konnect L 60W PD Type C to Type C Mobile Charging Cable, 1.2M, Fas...",Computers & Accessories,Accessories & Peripherals,249.0,499.0,50,250.0,4.1,1508
B07YZG8PPY,TATA SKY HD Connection with 1 month basic package and free installation,Electronics,"Home Theater,TV & Video",1249.0,2299.0,46,1050.0,4.3,7636
B09H39KTTB,Remote Compatible for Samsung LED/LCD Remote Control Works with Samsung LED/L...,Electronics,"Home Theater,TV & Video",213.0,499.0,57,286.0,3.7,246
B08DCVRW98,SoniVision SA-D10 SA-D100 SA-D40 Home Theater Systems Remote Compatible with...,Electronics,"Home Theater,TV & Video",209.0,499.0,58,290.0,4.0,479
B0718ZN31Q,Rts™ High Speed 3D Full HD 1080p Support (10 Meters) HDMI Male to HDMI Male C...,Electronics,"Home Theater,TV & Video",598.0,4999.0,88,4401.0,4.2,910
B0162LYSFS,"boAt LTG 500 Apple MFI Certified for iPhone, iPad and iPod 2Mtr Data Cable(Me...",Computers & Accessories,Accessories & Peripherals,799.0,1749.0,54,950.0,4.1,5626
B07PFJ5VQD,Agaro Blaze USBA to micro +Type C 2in1 Braided 1.2M Cable,Computers & Accessories,Accessories & Peripherals,159.0,595.0,73,436.0,4.3,14184
B01J8S6X2I,AmazonBasics 6 Feet DisplayPort to DisplayPort Cable - (Not HDMI Cable) (Gold),Computers & Accessories,Accessories & Peripherals,499.0,1100.0,55,601.0,4.4,25177
B09MJ77786,MI 108 cm (43 inches) 5X Series 4K Ultra HD LED Smart Android TV L43M6-ES (Grey),Electronics,"Home Theater,TV & Video",31999.0,49999.0,36,18000.0,4.3,21252
B09NNGHG22,Sansui 140cm (55 inches) 4K Ultra HD Certified Android LED TV with Dolby Audi...,Electronics,"Home Theater,TV & Video",32990.0,56790.0,42,23800.0,4.3,567
B07V5YF4ND,LOHAYA LCD/LED Remote Compatible for Sony Bravia Smart LCD LED UHD OLED QLED...,Electronics,"Home Theater,TV & Video",299.0,1199.0,75,900.0,3.5,466
B0B65P827P,"Zebronics CU3100V Fast charging Type C cable with QC 18W support, 3A max capa...",Computers & Accessories,Accessories & Peripherals,128.31,549.0,77,420.69,3.9,61
B084MZYBTV,"Belkin USB C to USB-C Fast Charging Type C Cable, 60W PD, 3.3 feet (1 meter)...",Computers & Accessories,Accessories & Peripherals,599.0,849.0,29,250.0,4.5,474
B097ZQTDVZ,7SEVEN® TCL Remote Control Smart TV RC802V Remote Compatible for TCL TV Remot...,Electronics,"Home Theater,TV & Video",399.0,899.0,56,500.0,3.4,431
B0B5F3YZY4,"Wayona 3in1 Nylon Braided 66W USB Fast Charging Cable with Type C, Lightening...",Computers & Accessories,Accessories & Peripherals,449.0,1099.0,59,650.0,4.0,242
B09G5TSGXV,"Hi-Mobiler iPhone Charger Lightning Cable,2 Pack Apple MFi Certified USB iPho...",Computers & Accessories,Accessories & Peripherals,254.0,799.0,68,545.0,4.0,2905
B006LW0WDQ,Amazon Basics 16-Gauge Speaker Wire - 50 Feet,Electronics,"Home Theater,TV & Video",399.0,795.0,50,396.0,4.4,12091
B09YLX91QR,"Ambrane 60W / 3A Fast Charging Output Cable with Type-C to USB for Mobile, Ne...",Computers & Accessories,Accessories & Peripherals,179.0,399.0,55,220.0,4.0,1423
B081FJWN52,Wayona Usb Type C To Usb Nylon Braided Quick Charger Fast Charging Short Cabl...,Computers & Accessories,Accessories & Peripherals,339.0,999.0,66,660.0,4.3,6255
B0758F7KK7,"Caprigo Heavy Duty TV Wall Mount Bracket for 14 to 32 Inch LED/HD/Smart TV’s,...",Electronics,"Home Theater,TV & Video",399.0,999.0,60,600.0,4.0,1236
B09L835C3V,"Smashtronics® - Case for Firetv Remote, Fire Stick Remote Cover Case, Silicon...",Electronics,"Home Theater,TV & Video",199.0,399.0,50,200.0,4.2,1335
B098TV3L96,Electvision Remote Control for led Smart tv Compatible with VU Smart Led (Wit...,Electronics,"Home Theater,TV & Video",349.0,1999.0,83,1650.0,3.8,197
B08NCKT9FG,Boat A 350 Type C Cable 1.5m(Jet Black),Computers & Accessories,Accessories & Peripherals,299.0,798.0,63,499.0,4.4,28791
B0B4T6MR8N,"pTron Solero M241 2.4A Micro USB Data & Charging Cable, Made in India, 480Mbp...",Computers & Accessories,Accessories & Peripherals,89.0,800.0,89,711.0,3.9,1075
B01GGKZ4NU,"AmazonBasics USB Type-C to USB Type-C 2.0 Cable for Charging Adapter, Smartph...",Computers & Accessories,Accessories & Peripherals,549.0,995.0,45,446.0,4.2,29746
B09BW2GP18,"Croma 3A Fast charge 1m Type-C to All Type-C Phones sync and charge cable, Ma...",Computers & Accessories,Accessories & Peripherals,129.0,1000.0,87,871.0,3.9,295
B09WN3SRC7,Sony Bravia 164 cm (65 inches) 4K Ultra HD Smart LED Google TV KD-65X74K (Black),Electronics,"Home Theater,TV & Video",77990.0,139900.0,44,61910.0,4.7,5935
B09B125CFJ,7SEVEN® Compatible for Mi tv Remote Control Original Suitable with Smart Andr...,Electronics,"Home Theater,TV & Video",349.0,799.0,56,450.0,3.6,323
B09RQRZW2X,7SEVEN® Compatible Vu Smart Tv Remote Control Suitable for Original 4K Androi...,Electronics,"Home Theater,TV & Video",499.0,899.0,44,400.0,3.7,185
B07924P3C5,Storite High Speed Micro USB 3.0 Cable A to Micro B for External & Desktop Ha...,Computers & Accessories,Accessories & Peripherals,299.0,799.0,63,500.0,4.2,2117
B08N1WL9XW,FLiX (Beetel) 3in1 (Type C|Micro|Iphone Lightening) Textured Pattern 3A Fast...,Computers & Accessories,Accessories & Peripherals,182.0,599.0,70,417.0,4.0,9378
B07VVXJ2P5,SVM Products Unbreakable Set Top Box Stand with Dual Remote Holder (Black),Electronics,"Home Theater,TV & Video",96.0,399.0,76,303.0,3.6,1796
B0BC8BQ432,VU 164 cm (65 inches) The GloLED Series 4K Smart LED Google TV 65GloLED (Grey),Electronics,"Home Theater,TV & Video",54990.0,85000.0,35,30010.0,4.3,3587
B06XFTHCNY,"CableCreation RCA to 3.5mm Male Audio Cable, 3.5mm to 2RCA Cable Male RCA Cab...",Electronics,"Home Theater,TV & Video",439.0,758.0,42,319.0,4.2,4296
B08CT62BM1,Wayona USB Type C Fast Charging Cable Charger Cord 3A QC 3.0 Data Cable Compa...,Computers & Accessories,Accessories & Peripherals,299.0,999.0,70,700.0,4.3,2651
B07CRL2GY6,boAt Rugged V3 Braided Micro USB Cable (Pearl White),Computers & Accessories,Accessories & Peripherals,299.0,799.0,63,500.0,4.2,94363
B07DWFX9YS,Amazon Basics USB A to Lightning PVC Molded Nylon MFi Certified Charging Cabl...,Computers & Accessories,Accessories & Peripherals,789.0,1999.0,61,1210.0,4.2,34540
B01D5H90L4,AmazonBasics - High-Speed Male to Female HDMI Extension Cable - 6 Feet,Electronics,"Home Theater,TV & Video",299.0,700.0,57,401.0,4.4,8714
B07F1P8KNV,Wayona Nylon Braided Usb Type C 3Ft 1M 3A Fast Charger Cable For Samsung Gala...,Computers & Accessories,Accessories & Peripherals,325.0,1099.0,70,774.0,4.2,10576
B084N1BM9L,Belkin Apple Certified Lightning to USB Charge and Sync Tough Braided Cable f...,Computers & Accessories,Accessories & Peripherals,1299.0,1999.0,35,700.0,4.4,7318
B09F6D21BY,7SEVEN Compatible LG TV Remote Suitable for LG Non Magic Smart tv Remote Cont...,Electronics,"Home Theater,TV & Video",790.0,1999.0,60,1209.0,3.0,103
B09LQQYNZQ,Realme Smart TV Stick 4K,Electronics,Home Audio,4699.0,4699.0,0,0.0,4.5,224
B0BC9BW512,Acer 100 cm (40 inches) P Series Full HD Android Smart LED TV AR40AR2841FDFL...,Electronics,"Home Theater,TV & Video",18999.0,24990.0,24,5991.0,4.3,4702
B0B61HYR92,"Lapster usb 2.0 mantra cable, mantra mfs 100 data cable (black)",Computers & Accessories,Accessories & Peripherals,199.0,999.0,80,800.0,4.2,85
B075ZTJ9XR,"AmazonBasics High-Speed Braided HDMI Cable - 3 Feet - Supports Ethernet, 3D,...",Electronics,"Home Theater,TV & Video",269.0,650.0,59,381.0,4.4,35877
B0978V2CP6,"Cubetek 3 in 1 LCD Display V5.0 Bluetooth Transmitter Receiver, Bypass Audio...",Electronics,"Home Theater,TV & Video",1990.0,3100.0,36,1110.0,4.0,897
B09LRZYBH1,"KRISONS Thunder Speaker, Multimedia Home Theatre, Floor Standing Speaker, LED...",Electronics,Home Audio,2299.0,3999.0,43,1700.0,3.8,282
B0B997FBZT,Acer 139 cm (55 inches) H Series 4K Ultra HD Android Smart LED TV AR55AR2851U...,Electronics,"Home Theater,TV & Video",35999.0,49990.0,28,13991.0,4.3,1611
B098LCVYPW,Dealfreez Case Compatible for Fire TV Stick 4K All Alexa Voice Remote Shockpr...,Electronics,"Home Theater,TV & Video",349.0,999.0,65,650.0,4.2,513
B09HV71RL1,Wayona Type C to Lightning MFI Certified 20W Fast charging Nylon Braided USB...,Computers & Accessories,Accessories & Peripherals,719.0,1499.0,52,780.0,4.1,1045
B08PZ6HZLT,VW 80 cm (32 inches) HD Ready Android Smart LED TV VW32PRO (Black),Electronics,"Home Theater,TV & Video",8999.0,18999.0,53,10000.0,4.0,6347
B075TJHWVC,Airtel Digital TV HD Set Top Box with 1 Month Basic Pack with Recording + Fre...,Electronics,"Home Theater,TV & Video",917.0,2299.0,60,1382.0,4.2,3300
B09LV13JFB,LOHAYA Voice Assistant Remote Compatible for Airtel Xstream Set-Top Box Remot...,Electronics,"Home Theater,TV & Video",399.0,999.0,60,600.0,3.3,23
B092BL5DCX,Samsung 138 cm (55 inches) Crystal 4K Series Ultra HD Smart LED TV UA55AUE60A...,Electronics,"Home Theater,TV & Video",45999.0,69900.0,34,23901.0,4.3,7109
B09VH568H7,Amazon Brand - Solimo 3A Fast Charging Tough Type C USB Data Cable  – 1 Meter,Computers & Accessories,Accessories & Peripherals,119.0,299.0,60,180.0,3.8,51
B09HQSV46W,Mi 100 cm (40 inches) Horizon Edition Full HD Android LED TV 4A | L40M6-EI (B...,Electronics,"Home Theater,TV & Video",21999.0,29999.0,27,8000.0,4.2,32840
B08TZD7FQN,"Astigo Compatible Remote Control for Mi Smart LED 4A (43""/32"")",Electronics,"Home Theater,TV & Video",299.0,599.0,50,300.0,3.7,708
B0B21XL94T,Toshiba 108 cm (43 inches) V Series Full HD Smart Android LED TV 43V35KP (Sil...,Electronics,"Home Theater,TV & Video",21990.0,34990.0,37,13000.0,4.3,1657
B09PTT8DZF,Lenovo USB A to Type-C Tangle-free  Aramid fiber braided 1.2m cable with 4A F...,Computers & Accessories,Accessories & Peripherals,417.44,670.0,38,252.56,3.9,523
B0B94JPY2N,Amazon Brand - Solimo 65W Fast Charging Braided Type C to C Data Cable | Suit...,Computers & Accessories,Accessories & Peripherals,199.0,999.0,80,800.0,3.0,0
B0B3XXSB1K,LG 139 cm (55 inches) 4K Ultra HD Smart LED TV 55UQ7500PSF (Ceramic Black),Electronics,"Home Theater,TV & Video",47990.0,79990.0,40,32000.0,4.3,1376
B08RZ12GKR,Tata Sky Digital TV HD Setup Box Remote,Electronics,"Home Theater,TV & Video",215.0,499.0,57,284.0,3.5,121
B0B4T8RSJ1,"pTron Solero T241 2.4A Type-C Data & Charging USB Cable, Made in India, 480Mb...",Computers & Accessories,Accessories & Peripherals,99.0,800.0,88,701.0,3.9,1075
B0B7B9V9QP,VU 108 cm (43 inches) Premium Series Full HD Smart LED TV 43GA (Black),Electronics,"Home Theater,TV & Video",18999.0,35000.0,46,16001.0,4.0,1001
B08XXVXP3J,"Storite Super Speed USB 3.0 Male to Male Cable for Hard Drive Enclosures, Lap...",Computers & Accessories,Accessories & Peripherals,249.0,999.0,75,750.0,4.3,112
B06XGWRKYT,Kodak 80 cm (32 Inches) HD Ready LED TV Kodak 32HDX900S (Black),Electronics,"Home Theater,TV & Video",7999.0,15999.0,50,8000.0,3.8,3022
B07CWDX49D,"AmazonBasics Double Braided Nylon USB Type-C to Type-C 2.0 Cable, Charging Ad...",Computers & Accessories,Accessories & Peripherals,649.0,1600.0,59,951.0,4.3,5451
B09TY4MSH3,Firestick Remote,Electronics,"Home Theater,TV & Video",1289.0,2499.0,48,1210.0,3.3,73
B07RY2X9MP,"AmazonBasics 10.2 Gbps High-Speed 4K HDMI Cable with Braided Cord (10-Foot, D...",Electronics,"Home Theater,TV & Video",609.0,1500.0,59,891.0,4.5,1029
B0B2C5MJN6,Hisense 126 cm (50 inches) Bezelless Series 4K Ultra HD Smart LED Google TV 5...,Electronics,"Home Theater,TV & Video",32990.0,54990.0,40,22000.0,4.1,1555
B0BBMGLQDW,"Tuarso 8K HDMI 2.1 Cable 48Gbps , 1.5 Meter High-Speed Braided HDMI Cable ( 8...",Electronics,"Home Theater,TV & Video",599.0,1999.0,70,1400.0,4.2,47
B01LONQBDG,AmazonBasics USB Type-C to Micro-B 2.0 Cable - 6 Inches (15.2 Centimeters) -...,Computers & Accessories,Accessories & Peripherals,349.0,899.0,61,550.0,4.1,14896
B08XXF5V6G,Kodak 139 cm (55 inches) 4K Ultra HD Smart LED TV 55CA0909 (Black),Electronics,"Home Theater,TV & Video",29999.0,50999.0,41,21000.0,4.4,1712
B09HK9JH4F,"Smashtronics® - Case for Firetv Remote, Fire Stick Remote Cover Case, Silicon...",Electronics,"Home Theater,TV & Video",199.0,399.0,50,200.0,4.2,1335
B09MMD1FDN,7SEVEN® Suitable Sony Tv Remote Original Bravia for Smart Android Television...,Electronics,"Home Theater,TV & Video",349.0,699.0,50,350.0,3.9,214
B09HN7LD5L,PROLEGEND® PL-T002 Universal TV Stand Table Top for Most 22 to 65 inch LCD Fl...,Electronics,"Home Theater,TV & Video",1850.0,4500.0,59,2650.0,4.0,184
B0BNDD9TN6,WANBO X1 Pro (Upgraded) | Native 1080P Full HD | Android 9 | Projector for Ho...,Electronics,"Home Theater,TV & Video",13990.0,28900.0,52,14910.0,4.5,7
B0941392C8,Lava Charging Adapter Elements D3 2A Fast Charging Speed Usb Type C Data Cabl...,Computers & Accessories,Accessories & Peripherals,129.0,449.0,71,320.0,3.7,41
B01M5967SY,"TIZUM High Speed HDMI Cable Aura -Gold Plated-High Speed Data 10.2Gbps, 3D, 4...",Electronics,"Home Theater,TV & Video",379.0,999.0,62,620.0,4.2,12153
B016MDK4F4,Technotech High Speed HDMI Cable 5 Meter V1.4 - Supports Full HD 1080p (Color...,Electronics,"Home Theater,TV & Video",185.0,499.0,63,314.0,4.2,25
B08G43CCLC,NK STAR 950 Mbps USB WiFi Adapter Wireless Network Receiver Dongle for Deskto...,Computers & Accessories,Networking Devices,218.0,999.0,78,781.0,4.2,163
B0B61GCHC1,"LS LAPSTER Quality Assured USB 2.0 morpho cable, morpho device cable for Mso...",Computers & Accessories,Accessories & Peripherals,199.0,999.0,80,800.0,4.3,87
B07RX14W1Q,"Amazon Basics 10.2 Gbps High-Speed 4K HDMI Cable with Braided Cord, 1.8 Meter...",Electronics,"Home Theater,TV & Video",499.0,900.0,45,401.0,4.4,2165
B09PLD9TCD,Kodak 126 cm (50 inches) Bezel-Less Design Series 4K Ultra HD Smart Android L...,Electronics,"Home Theater,TV & Video",26999.0,42999.0,37,16000.0,4.2,1510
B0B8ZKWGKD,"ZORBES® Wall Adapter Holder for Alexa Echo Dot 4th Generation,A Space-Saving...",Electronics,"Home Theater,TV & Video",893.0,1052.0,15,159.0,4.3,106
B09NNJ9WYM,Sansui 80cm (32 inches) HD Ready Smart LED TV JSY32SKHD (BLACK) With Bezel-le...,Electronics,"Home Theater,TV & Video",10990.0,19990.0,45,9000.0,3.7,129
B08H5L8V1L,Synqe USB Type C Fast Charging Cable 2M Charger Cord Data Cable Compatible wi...,Computers & Accessories,Accessories & Peripherals,379.0,1099.0,66,720.0,4.3,3049
B0B8CXTTG3,MI 80 cm (32 inches) HD Ready Smart Android LED TV 5A Pro | L32M7-EAIN (Black),Electronics,"Home Theater,TV & Video",16999.0,25999.0,35,9000.0,4.2,32840
B09HCH3JZG,Bestor ® 8K Hdmi 2.1 Cable 48Gbps 9.80Ft/Ultra High Speed Hdmi Braided Cord F...,Electronics,"Home Theater,TV & Video",699.0,1899.0,63,1200.0,4.4,390
B097JVLW3L,Irusu Play VR Plus Virtual Reality Headset with Headphones for Gaming (Black),Electronics,"Home Theater,TV & Video",2699.0,3500.0,23,801.0,3.5,621
B09SB6SJB4,"Amazon Brand - Solimo Fast Charging Braided Type C Data Cable Seam, Suitable...",Computers & Accessories,Accessories & Peripherals,129.0,599.0,78,470.0,4.1,265
B08NW8GHCJ,Synqe USB C to USB C 60W Nylon Braided Fast Charging Type C to Type C Cable C...,Computers & Accessories,Accessories & Peripherals,389.0,999.0,61,610.0,4.3,838
B09YHLPQYT,Shopoflux Silicone Remote Cover for Mi Smart TV and Mi TV Stick/MI Box S / 3S...,Electronics,"Home Theater,TV & Video",246.0,600.0,59,354.0,4.2,143
B08G1RW2Q3,EYNK Extra Long Micro USB Fast Charging USB Cable | Micro USB Data Cable | Qu...,Computers & Accessories,Accessories & Peripherals,299.0,799.0,63,500.0,4.0,151
B08YXJJW8H,"LUNAGARIYA®, Protective Case Compatible with JIO Settop Box Remote Control,PU...",Electronics,"Home Theater,TV & Video",247.0,399.0,38,152.0,3.9,200
B09P8M18QM,7SEVEN® Compatible with Fire Tv Stick Remote with Voice Command Feature Suita...,Electronics,"Home Theater,TV & Video",1369.0,2999.0,54,1630.0,3.3,227
B08BG4M4N7,"PRUSHTI COVER AND BAGS, Protective Case for Airtel Xstream settop Box Remote...",Electronics,"Home Theater,TV & Video",199.0,499.0,60,300.0,3.8,538
B07VJ9ZTXS,Aine HDMI Male to VGA Female Video Converter Adapter Cable (Black),Electronics,"Home Theater,TV & Video",299.0,599.0,50,300.0,4.0,171
B084872DQY,Mi 80 cm (32 inches) HD Ready Android Smart LED TV 4A PRO | L32M5-AL (Black),Electronics,"Home Theater,TV & Video",14999.0,14999.0,0,0.0,4.3,27508
B00GGGOYEU,Storite USB 2.0 A to Mini 5 pin B Cable for External HDDS/Camera/Card Readers...,Computers & Accessories,Accessories & Peripherals,299.0,699.0,57,400.0,3.9,1454
B08FD2VSD9,TCL 108 cm (43 inches) 4K Ultra HD Certified Android Smart LED TV 43P615 (Black),Electronics,"Home Theater,TV & Video",24990.0,51990.0,52,27000.0,4.2,2951
B0BQRJ3C47,"REDTECH USB-C to Lightning Cable 3.3FT, [Apple MFi Certified] Lightning to Ty...",Computers & Accessories,Accessories & Peripherals,249.0,999.0,75,750.0,5.0,0
B095JPKPH3,OnePlus 163.8 cm (65 inches) U Series 4K LED Smart Android TV 65U1S (Black),Electronics,"Home Theater,TV & Video",61999.0,69999.0,11,8000.0,4.1,6753
B087JWLZ2K,AmazonBasics 108 cm (43 inches) 4K Ultra HD Smart LED Fire TV AB43U20PS (Black),Electronics,"Home Theater,TV & Video",24499.0,50000.0,51,25501.0,3.9,3518
B09DSXK8JX,Kodak 80 cm (32 inches) HD Ready Certified Android Smart LED TV 32HDX7XPROBL...,Electronics,"Home Theater,TV & Video",10499.0,19499.0,46,9000.0,4.2,1510
B08V9C4B1J,Synqe Type C to Type C Short Fast Charging 60W Cable Compatible with Samsung...,Computers & Accessories,Accessories & Peripherals,349.0,999.0,65,650.0,4.3,838
B08PKBMJKS,Airtel DigitalTV HD Setup Box Remote,Electronics,"Home Theater,TV & Video",197.0,499.0,61,302.0,3.8,136
B0B8VQ7KDS,Airtel Digital TV HD Set Top Box with FTA Pack | Unlimited Entertainment + Re...,Electronics,"Home Theater,TV & Video",1299.0,2499.0,48,1200.0,4.3,301
B086JTMRYL,"ESR USB C to Lightning Cable, 10 ft (3 m), MFi-Certified, Braided Nylon Power...",Computers & Accessories,Accessories & Peripherals,1519.0,1899.0,20,380.0,4.4,19763
B09RWQ7YR6,MI 138.8 cm (55 inches) 5X Series 4K Ultra HD LED Smart Android TV L55M6-ES (...,Electronics,"Home Theater,TV & Video",46999.0,69999.0,33,23000.0,4.3,21252
B00OFM6PEO,Storite USB Extension Cable USB 3.0 Male to Female Extension Cable High Speed...,Computers & Accessories,Accessories & Peripherals,299.0,799.0,63,500.0,4.3,1902
B0BF57RN3K,"Fire-Boltt Ninja Call Pro Plus 1.83"" Smart Watch with Bluetooth Calling, AI V...",Electronics,Wearable Technology,1799.0,19999.0,91,18200.0,4.2,13937
B0B3RRWSF6,"Fire-Boltt Phoenix Smart Watch with Bluetooth Calling 1.3"",120+ Sports Modes,...",Electronics,Wearable Technology,1998.0,9999.0,80,8001.0,4.3,27696
B0B5B6PQCT,"boAt Wave Call Smart Watch, Smart Talk with Advanced Dedicated Bluetooth Call...",Electronics,Wearable Technology,1999.0,7990.0,75,5991.0,3.8,17831
B08HV83HL3,MI Power Bank 3i 20000mAh Lithium Polymer 18W Fast Power Delivery Charging |...,Electronics,Mobiles & Accessories,2049.0,2199.0,7,150.0,4.3,178912
B0BBN4DZBD,"Redmi A1 (Light Blue, 2GB RAM, 32GB Storage) | Segment Best AI Dual Cam | 500...",Electronics,Mobiles & Accessories,6499.0,8999.0,28,2500.0,4.0,7807
B0B3CPQ5PF,"OnePlus Nord 2T 5G (Jade Fog, 8GB RAM, 128GB Storage)",Electronics,Mobiles & Accessories,28999.0,28999.0,0,0.0,4.3,17415
B0B3CQBRB4,"OnePlus Nord 2T 5G (Gray Shadow, 8GB RAM, 128GB Storage)",Electronics,Mobiles & Accessories,28999.0,28999.0,0,0.0,4.3,17415
B0BBN56J5H,"Redmi A1 (Black, 2GB RAM, 32GB Storage) | Segment Best AI Dual Cam | 5000mAh...",Electronics,Mobiles & Accessories,6499.0,8999.0,28,2500.0,4.0,7807
B0BBN3WF7V,"Redmi A1 (Light Green, 2GB RAM 32GB ROM) | Segment Best AI Dual Cam | 5000mAh...",Electronics,Mobiles & Accessories,6499.0,8999.0,28,2500.0,4.0,7807
B0BDRVFDKP,"SanDisk Ultra® microSDXC™ UHS-I Card, 64GB, 140MB/s R, 10 Y Warranty, for Sma...",Electronics,Accessories,569.0,1000.0,43,431.0,4.4,67259
B0B5LVS732,"Noise Pulse Go Buzz Smart Watch Bluetooth Calling with 1.69"" Display, 550 NIT...",Electronics,Wearable Technology,1898.0,4999.0,62,3101.0,4.1,10689
B09V2Q4QVQ,"Nokia 105 Single SIM, Keypad Mobile Phone with Wireless FM Radio | Charcoal",Electronics,Mobiles & Accessories,1299.0,1599.0,19,300.0,4.0,128311
B09V12K8NT,"boAt Wave Lite Smartwatch with 1.69"" HD Display, Sleek Metal Body, HR & SpO2...",Electronics,Wearable Technology,1499.0,6990.0,79,5491.0,3.9,21796
B01DEWVZ2C,"JBL C100SI Wired In Ear Headphones with Mic, JBL Pure Bass Sound, One Button...",Electronics,"Headphones,Earbuds & Accessories",599.0,999.0,40,400.0,4.1,192590
B0BMGB3CH9,"Samsung Galaxy M04 Dark Blue, 4GB RAM, 64GB Storage | Upto 8GB RAM with RAM P...",Electronics,Mobiles & Accessories,9499.0,11999.0,21,2500.0,4.2,284
B08D77XZX5,"PTron Tangentbeat in-Ear Bluetooth 5.0 Wireless Headphones with Mic, Enhanced...",Electronics,"Headphones,Earbuds & Accessories",599.0,2499.0,76,1900.0,3.9,58162
B09XB8GFBQ,"Redmi 10A (Charcoal Black, 4GB RAM, 64GB Storage) | 2 Ghz Octa Core Helio G25...",Electronics,Mobiles & Accessories,8999.0,11999.0,25,3000.0,4.0,12796
B07WG8PDCW,"pTron Bullet Pro 36W PD Quick Charger, 3 Port Fast Car Charger Adapter - Comp...",Electronics,Mobiles & Accessories,349.0,1299.0,73,950.0,4.0,14282
B07GPXXNNG,boAt Bassheads 100 in Ear Wired Earphones with Mic(Taffy Pink),Electronics,"Headphones,Earbuds & Accessories",349.0,999.0,65,650.0,4.1,363713
B0BDYVC5TD,"SanDisk Ultra® microSDXC™ UHS-I Card, 128GB, 140MB/s R, 10 Y Warranty, for Sm...",Electronics,Accessories,959.0,1800.0,47,841.0,4.4,67259
B0BMGB2TPR,"Samsung Galaxy M04 Light Green, 4GB RAM, 64GB Storage | Upto 8GB RAM with RAM...",Electronics,Mobiles & Accessories,9499.0,11999.0,21,2500.0,4.2,284
B08MC57J31,"MI 10000mAh Lithium Ion, Lithium Polymer Power Bank Pocket Pro with 22.5 Watt...",Electronics,Mobiles & Accessories,1499.0,2499.0,40,1000.0,4.3,15970
B08HVL8QN3,"Mi 10000mAH Li-Polymer, Micro-USB and Type C Input Port, Power Bank 3i with 1...",Electronics,Mobiles & Accessories,1149.0,2199.0,48,1050.0,4.3,178912
B0746JGVDS,"ELV Car Mount Adjustable Car Phone Holder Universal Long Arm, Windshield for...",Electronics,Mobiles & Accessories,349.0,999.0,65,650.0,3.9,46399
B08VFF6JQ8,Samsung 25W USB Travel Adapter for Cellular Phones - White,Electronics,Mobiles & Accessories,1219.0,1699.0,28,480.0,4.4,8891
B09NVPSCQT,"Noise ColorFit Pulse Grand Smart Watch with 1.69""(4.29cm) HD Display, 60 Spor...",Electronics,Wearable Technology,1599.0,3999.0,60,2400.0,4.0,30254
B09YV4RG4D,"Fire-Boltt Ninja 3 Smartwatch Full Touch 1.69 & 60 Sports Modes with IP68, Sp...",Electronics,Wearable Technology,1499.0,7999.0,81,6500.0,4.2,22636
B09TWHTBKQ,"Samsung Galaxy M33 5G (Mystique Green, 8GB, 128GB Storage) | 6000mAh Battery...",Electronics,Mobiles & Accessories,18499.0,25999.0,29,7500.0,4.1,22318
B08L5HMJVW,"SanDisk Ultra microSD UHS-I Card 32GB, 120MB/s R",Electronics,Accessories,369.0,700.0,47,331.0,4.4,67259
B0B4F2XCK3,"Samsung Galaxy M13 (Aqua Green, 6GB, 128GB Storage) | 6000mAh Battery | Upto...",Electronics,Mobiles & Accessories,12999.0,17999.0,28,5000.0,4.1,18998
B0BF54972T,"Fire-Boltt Ninja Call Pro Plus 1.83"" Smart Watch with Bluetooth Calling, AI V...",Electronics,Wearable Technology,1799.0,19999.0,91,18200.0,4.2,13937
B09YV4MW2T,Fire-Boltt India's No 1 Smartwatch Brand Talk 2 Bluetooth Calling Smartwatch...,Electronics,Wearable Technology,2199.0,9999.0,78,7800.0,4.2,29471
B09TWH8YHM,"Samsung Galaxy M33 5G (Emerald Brown, 6GB, 128GB Storage) | 6000mAh Battery |...",Electronics,Mobiles & Accessories,16999.0,24999.0,32,8000.0,4.1,22318
B07WGMMQGP,"iQOO vivo Z6 5G (Chromatic Blue, 6GB RAM, 128GB Storage) | Snapdragon 695-6nm...",Electronics,Mobiles & Accessories,16499.0,20999.0,21,4500.0,4.0,21350
B0BF563HB4,"Fire-Boltt Ninja Call Pro Plus 1.83"" Smart Watch with Bluetooth Calling, AI V...",Electronics,Wearable Technology,1799.0,19999.0,91,18200.0,4.2,13937
B09GFPVD9Y,"Redmi 9 Activ (Carbon Black, 4GB RAM, 64GB Storage) | Octa-core Helio G35 | 5...",Electronics,Mobiles & Accessories,8499.0,10999.0,23,2500.0,4.1,313836
B09GFLXVH9,"Redmi 9A Sport (Coral Green, 2GB RAM, 32GB Storage) | 2GHz Octa-core Helio G2...",Electronics,Mobiles & Accessories,6499.0,8499.0,24,2000.0,4.1,313836
B0BF4YBLPX,"Fire-Boltt Ninja Call Pro Plus 1.83"" Smart Watch with Bluetooth Calling, AI V...",Electronics,Wearable Technology,1799.0,19999.0,91,18200.0,4.2,13937
B09XB7DPW1,"Redmi 10A (Sea Blue, 4GB RAM, 64GB Storage) | 2 Ghz Octa Core Helio G25 | 500...",Electronics,Mobiles & Accessories,8999.0,11999.0,25,3000.0,4.0,12796
B07PFJ5W31,AGARO Blaze USB 3.0 to USB Type C OTG Adapter,Electronics,Mobiles & Accessories,139.0,495.0,72,356.0,4.3,14185
B0B3N7LR6K,"Fire-Boltt Visionary 1.78"" AMOLED Bluetooth Calling Smartwatch with 368*448 P...",Electronics,Wearable Technology,3999.0,16999.0,76,13000.0,4.3,17159
B09ZQK9X8G,"Noise ColorFit Pro 4 Advanced Bluetooth Calling Smart Watch with 1.72"" TruVie...",Electronics,Wearable Technology,2998.0,5999.0,50,3001.0,4.1,5179
B07WJV6P1R,"iQOO Z6 Lite 5G by vivo (Stellar Green, 6GB RAM, 128GB Storage) | World's Fir...",Electronics,Mobiles & Accessories,15499.0,18999.0,18,3500.0,4.1,19252
B0BF54LXW6,"Fire-Boltt Ninja Call Pro Plus 1.83"" Smart Watch with Bluetooth Calling, AI V...",Electronics,Wearable Technology,1799.0,19999.0,91,18200.0,4.2,13937
B09XB7SRQ5,"Redmi 10A (Slate Grey, 4GB RAM, 64GB Storage) | 2 Ghz Octa Core Helio G25 | 5...",Electronics,Mobiles & Accessories,8999.0,11999.0,25,3000.0,4.0,12796
B09FFK1PQG,"Duracell 38W Fast Car Charger Adapter with Dual Output. Quick Charge, Type C...",Electronics,Mobiles & Accessories,873.0,1699.0,49,826.0,4.4,1680
B09RMQYHLH,"realme narzo 50 (Speed Blue, 4GB RAM+64GB Storage) Helio G96 Processor | 50MP...",Electronics,Mobiles & Accessories,12999.0,15999.0,19,3000.0,4.2,13246
B08ZN4B121,WeCool Bluetooth Extendable Selfie Sticks with Wireless Remote and Tripod Sta...,Electronics,Mobiles & Accessories,539.0,1599.0,66,1060.0,3.8,14648
B0B3RSDSZ3,"Fire-Boltt Phoenix Smart Watch with Bluetooth Calling 1.3"",120+ Sports Modes,...",Electronics,Wearable Technology,1999.0,9999.0,80,8000.0,4.3,27696
B08VB34KJ1,"OPPO A74 5G (Fantastic Purple,6GB RAM,128GB Storage) with No Cost EMI/Additio...",Electronics,Mobiles & Accessories,15490.0,20990.0,26,5500.0,4.2,32916
B09T39K9YL,"Redmi Note 11 Pro + 5G (Stealth Black, 6GB RAM, 128GB Storage) | 67W Turbo Ch...",Electronics,Mobiles & Accessories,19999.0,24999.0,20,5000.0,3.9,25824
B08VF8V79P,"Samsung Original 25W USB Travel Lightning Adapter for Cellular Phones, Black",Electronics,Mobiles & Accessories,1075.0,1699.0,37,624.0,4.4,7462
B08G28Z33M,realme Buds Classic Wired in Ear Earphones with Mic (Black),Electronics,"Headphones,Earbuds & Accessories",399.0,699.0,43,300.0,4.0,37817
B09PNKXSKF,"Noise ColorFit Pulse Grand Smart Watch with 1.69"" HD Display, 60 Sports Modes...",Electronics,Wearable Technology,1999.0,3990.0,50,1991.0,4.0,30254
B0B5DDJNH4,"boAt Wave Call Smart Watch, Smart Talk with Advanced Dedicated Bluetooth Call...",Electronics,Wearable Technology,1999.0,7990.0,75,5991.0,3.8,17831
B07WDKLDRX,"iQOO Neo 6 5G (Dark Nova, 8GB RAM, 128GB Storage) | Snapdragon® 870 5G | 80W...",Electronics,Mobiles & Accessories,28999.0,34999.0,17,6000.0,4.4,20311
B09MQSCJQ1,"boAt Xtend Smartwatch with Alexa Built-in, 1.69” HD Display, Multiple Watch F...",Electronics,Wearable Technology,2299.0,7990.0,71,5691.0,4.2,69622
B094YFFSMY,Tygot Bluetooth Extendable Selfie Sticks with Wireless Remote and Tripod Stan...,Electronics,Mobiles & Accessories,399.0,1999.0,80,1600.0,4.0,3382
B09MT84WV5,Samsung EVO Plus 128GB microSDXC UHS-I U3 130MB/s Full HD & 4K UHD Memory Car...,Electronics,Accessories,1149.0,3999.0,71,2850.0,4.3,140036
B08VS3YLRK,Portronics Adapto 20 Type C 20W Fast PD/Type C Adapter Charger with Fast Char...,Electronics,Mobiles & Accessories,529.0,1499.0,65,970.0,4.1,8599
B0B4F3QNDM,"Samsung Galaxy M13 5G (Aqua Green, 6GB, 128GB Storage) | 5000mAh Battery | Up...",Electronics,Mobiles & Accessories,13999.0,19499.0,28,5500.0,4.1,18998
B07GQD4K6L,boAt Bassheads 100 in Ear Wired Earphones with Mic(Furious Red),Electronics,"Headphones,Earbuds & Accessories",379.0,999.0,62,620.0,4.1,363713
B07WDKLRM4,"iQOO Z6 44W by vivo (Lumina Blue, 4GB RAM, 128GB Storage) | 6.44"" FHD+ AMOLED...",Electronics,Mobiles & Accessories,13999.0,19999.0,30,6000.0,4.1,19252
B0BP18W8TM,"Fire-Boltt Gladiator 1.96"" Biggest Display Smart Watch with Bluetooth Calling...",Electronics,Wearable Technology,3999.0,9999.0,60,6000.0,4.4,73
B07GXHC691,STRIFF PS2_01 Multi Angle Mobile/Tablet Tabletop Stand. Phone Holder for iPho...,Electronics,Mobiles & Accessories,99.0,499.0,80,400.0,4.3,42641
B08FN6WGDQ,"Samsung Galaxy Buds Live Bluetooth Truly Wireless in Ear Earbuds with Mic, Up...",Electronics,"Headphones,Earbuds & Accessories",4790.0,15990.0,70,11200.0,4.0,4390
B0B3D39RKV,"OnePlus Nord 2T 5G (Jade Fog, 12GB RAM, 256GB Storage)",Electronics,Mobiles & Accessories,33999.0,33999.0,0,0.0,4.3,17415
B085HY1DGR,Sounce Spiral Charger Cable Protector Data Cable Saver Charging Cord Protecti...,Computers & Accessories,Accessories & Peripherals,99.0,999.0,90,900.0,4.0,1396
B08D75R3Z1,"PTron Boom Ultima 4D Dual Driver, in-Ear Gaming Wired Headphones with in-line...",Electronics,"Headphones,Earbuds & Accessories",299.0,1900.0,84,1601.0,3.6,18202
B0B4F2TTTS,"Samsung Galaxy M13 (Aqua Green, 4GB, 64GB Storage) | 6000mAh Battery | Upto 8...",Electronics,Mobiles & Accessories,10999.0,14999.0,27,4000.0,4.1,18998
B09WRMNJ9G,"OnePlus 10R 5G (Forest Green, 8GB RAM, 128GB Storage, 80W SuperVOOC)",Electronics,Mobiles & Accessories,34999.0,38999.0,10,4000.0,4.2,11029
B0B14MR9L1,"Samsung Galaxy M33 5G (Emerald Brown, 6GB, 128GB Storage) | 6000mAh Battery |...",Electronics,Mobiles & Accessories,16999.0,24999.0,32,8000.0,4.1,22318
B09ZPL5VYM,"Ambrane Mobile Holding Stand, 180° Perfect View, Height Adjustment, Wide Comp...",Electronics,Mobiles & Accessories,199.0,499.0,60,300.0,4.1,1786
B0993BB11X,"Ambrane 10000mAh Slim Power Bank, 20W Fast Charging, Dual Output, Type C PD (...",Electronics,Mobiles & Accessories,999.0,1599.0,38,600.0,4.0,7222
B09V2PZDX8,"Nokia 105 Single SIM, Keypad Mobile Phone with Wireless FM Radio | Blue",Electronics,Mobiles & Accessories,1299.0,1599.0,19,300.0,4.0,128311
B085W8CFLH,"PTron Tangent Lite Bluetooth 5.0 Earphones with Mic, Hi-Fi Stereo Sound Neckb...",Electronics,"Headphones,Earbuds & Accessories",599.0,1800.0,67,1201.0,3.5,83996
B09MT6XSFW,Samsung EVO Plus 64GB microSDXC UHS-I U1 130MB/s Full HD & 4K UHD Memory Card...,Electronics,Accessories,599.0,1899.0,68,1300.0,4.3,140036
B07RD611Z8,"Ambrane 20000mAh Power Bank with 20W Fast Charging, Triple Output, Power Deli...",Electronics,Mobiles & Accessories,1799.0,2499.0,28,700.0,4.1,18678
B0B4F52B5X,"Samsung Galaxy M13 (Midnight Blue, 4GB, 64GB Storage) | 6000mAh Battery | Upt...",Electronics,Mobiles & Accessories,10999.0,14999.0,27,4000.0,4.1,18998
B096VF5YYF,"boAt Xtend Smartwatch with Alexa Built-in, 1.69” HD Display, Multiple Watch F...",Electronics,Wearable Technology,2999.0,7990.0,62,4991.0,4.1,48449
B0B5D39BCD,"boAt Wave Call Smart Watch, Smart Talk with Advanced Dedicated Bluetooth Call...",Electronics,Wearable Technology,1999.0,7990.0,75,5991.0,3.8,17831
B09XBJ1CTN,MI Xiaomi 22.5W Fast USB Type C Charger Combo for Tablets - White,Electronics,Mobiles & Accessories,649.0,999.0,35,350.0,4.2,1315
B0B4F5L738,"Samsung Galaxy M13 5G (Aqua Green, 6GB, 128GB Storage) | 5000mAh Battery | Up...",Electronics,Mobiles & Accessories,13999.0,19499.0,28,5500.0,4.1,18998
B08MTCKDYN,"Gizga Essentials Spiral Cable Protector Cord Saver for Mac Charger, iPhone Ch...",Electronics,Mobiles & Accessories,119.0,299.0,60,180.0,4.1,5999
B09QS8V5N8,"Redmi Note 11 (Space Black, 4GB RAM, 64GB Storage)|90Hz FHD+ AMOLED Display |...",Electronics,Mobiles & Accessories,12999.0,17999.0,28,5000.0,4.1,50772
B09T2WRLJJ,"Redmi Note 11 Pro + 5G (Phantom White, 8GB RAM, 128GB Storage) | 67W Turbo Ch...",Electronics,Mobiles & Accessories,20999.0,26999.0,22,6000.0,3.9,25824
B089WB69Y1,"USB Charger, Oraimo Elite Dual Port 5V/2.4A Wall Charger, USB Wall Charger Ad...",Electronics,Mobiles & Accessories,249.0,649.0,62,400.0,4.0,14404
B0116MIKKC,Goldmedal Curve Plus 202042 Plastic Spice 3-Pin 240V Universal Travel Adaptor...,Electronics,Mobiles & Accessories,99.0,171.0,42,72.0,4.5,11339
B09P858DK8,"WeCool C1 Car Mobile Holder with One Click Technology,360° Rotational, Strong...",Electronics,Mobiles & Accessories,489.0,1999.0,76,1510.0,4.0,3626
B07DJLFMPS,HP 32GB Class 10 MicroSD Memory Card (U1 TF Card 32GB),Electronics,Accessories,369.0,1600.0,77,1231.0,4.0,32625
B07WHQWXL7,"iQOO Z6 44W by vivo (Lumina Blue, 6GB RAM, 128GB Storage) | 6.44"" FHD+ AMOLED...",Electronics,Mobiles & Accessories,15499.0,20999.0,26,5500.0,4.1,19252
B07WDK3ZS6,"iQOO Z6 Lite 5G by vivo (Mystic Night, 6GB RAM, 128GB Storage) | World's Firs...",Electronics,Mobiles & Accessories,15499.0,18999.0,18,3500.0,4.1,19252
B09T2S8X9C,"Redmi Note 11 Pro + 5G (Stealth Black, 8GB RAM, 256GB Storage) | 67W Turbo Ch...",Electronics,Mobiles & Accessories,22999.0,28999.0,21,6000.0,3.9,25824
B07S9S86BF,boAt Bassheads 242 in Ear Wired Earphones with Mic(Active Black),Electronics,"Headphones,Earbuds & Accessories",599.0,1490.0,60,891.0,4.1,161679
B07N8RQ6W7,Portronics MODESK POR-122 Universal Mobile Tabletop Holder (Black),Electronics,Mobiles & Accessories,134.0,699.0,81,565.0,4.1,16685
B09FKDH6FS,"realme narzo 50i (Mint Green, 2GB RAM+32GB Storage) Octa Core Processor | 6.5...",Electronics,Mobiles & Accessories,7499.0,7999.0,6,500.0,4.0,30907
B08HVJCW95,MI 10000mAh 3i Lithium Polymer Power Bank Dual Input(Micro-USB and Type C) an...,Electronics,Mobiles & Accessories,1149.0,2199.0,48,1050.0,4.3,178912
B09YDFDVNS,"Nokia 105 Plus Single SIM, Keypad Mobile Phone with Wireless FM Radio, Memory...",Electronics,Mobiles & Accessories,1324.0,1699.0,22,375.0,4.0,128311
B07WGPKTS4,"iQOO Z6 44W by vivo (Raven Black, 4GB RAM, 128GB Storage) | 6.44"" FHD+ AMOLED...",Electronics,Mobiles & Accessories,13999.0,19999.0,30,6000.0,4.1,19252
B09MZCQYHZ,"Ambrane 10000mAh Slim Power Bank, 20W Fast Charging, Dual Output, Type C PD (...",Electronics,Mobiles & Accessories,999.0,1599.0,38,600.0,4.0,7222
B0B4F2ZWL3,"Samsung Galaxy M13 (Stardust Brown, 6GB, 128GB Storage) | 6000mAh Battery | U...",Electronics,Mobiles & Accessories,12999.0,17999.0,28,5000.0,4.1,18998
B08VB2CMR3,"OPPO A74 5G (Fluid Black, 6GB RAM, 128GB Storage) with No Cost EMI/Additional...",Electronics,Mobiles & Accessories,15490.0,20990.0,26,5500.0,4.2,32916
B095RTJH1M,Spigen EZ Fit Tempered Glass Screen Protector Guard for iPhone 14/13/13 Pro -...,Electronics,Mobiles & Accessories,999.0,2899.0,66,1900.0,4.6,26603
B097R25DP7,"Noise ColorFit Pulse Smartwatch with 3.56 cm (1.4"") Full Touch HD Display, Sp...",Electronics,Wearable Technology,1599.0,4999.0,68,3400.0,4.0,67950
B09YDFKJF8,"Nokia 105 Plus Single SIM, Keypad Mobile Phone with Wireless FM Radio, Memory...",Electronics,Mobiles & Accessories,1324.0,1699.0,22,375.0,4.0,128311
B07WDK3ZS2,"iQOO Z6 Pro 5G by vivo (Legion Sky, 8GB RAM, 128GB Storage) | Snapdragon 778G...",Electronics,Mobiles & Accessories,20999.0,29990.0,30,8991.0,4.3,9499
B08RZ5K9YH,MI 33W SonicCharge 2.0 USB Charger for Cellular Phones - White,Electronics,Mobiles & Accessories,999.0,1999.0,50,1000.0,4.3,1777
B08444S68L,"OPPO A31 (Mystery Black, 6GB RAM, 128GB Storage) with No Cost EMI/Additional...",Electronics,Mobiles & Accessories,12490.0,15990.0,22,3500.0,4.2,58506
B07WHQBZLS,"iQOO vivo Z6 5G (Chromatic Blue, 8GB RAM, 128GB Storage) | Snapdragon 695-6nm...",Electronics,Mobiles & Accessories,17999.0,21990.0,18,3991.0,4.0,21350
B09JS562TP,"Motorola a10 Dual Sim keypad Mobile with 1750 mAh Battery, Expandable Storage...",Electronics,Mobiles & Accessories,1399.0,1630.0,14,231.0,4.0,9378
B09V17S2BG,"boAt Wave Lite Smartwatch with 1.69"" HD Display, Heart Rate & SpO2 Level Moni...",Electronics,Wearable Technology,1499.0,6990.0,79,5491.0,3.9,21796
B0B5CGTBKV,"boAt Wave Call Smart Watch, Smart Talk with Advanced Dedicated Bluetooth Call...",Electronics,Wearable Technology,1999.0,7990.0,75,5991.0,3.8,17833
B0B23LW7NV,Spigen EZ Fit Tempered Glass Screen Protector for iPhone 14 Pro Max - 2 Pack...,Electronics,Mobiles & Accessories,999.0,2899.0,66,1900.0,4.7,7779
B09KGV7WSV,"KINGONE Upgraded Stylus Pen, iPad Pencil, Ultra High Precision & Sensitivity,...",Electronics,Mobiles & Accessories,2099.0,5999.0,65,3900.0,4.3,17129
B0971DWFDT,"Portronics CarPower Mini Car Charger with Dual Output, Fast Charging (Type C...",Electronics,Mobiles & Accessories,337.0,699.0,52,362.0,4.2,4969
B0BNV7JM5Y,"boAt Newly Launched Wave Electra with 1.81"" HD Display, Smart Calling with Ul...",Electronics,Wearable Technology,2999.0,7990.0,62,4991.0,4.1,154
B0B53QFZPY,"PTron Newly Launched Force X10 Bluetooth Calling Smartwatch with 1.7"" Full To...",Electronics,Wearable Technology,1299.0,5999.0,78,4700.0,3.3,4415
B07WJWRNVK,"iQOO vivo Z6 5G (Dynamo Black, 6GB RAM, 128GB Storage) | Snapdragon 695-6nm P...",Electronics,Mobiles & Accessories,16499.0,20990.0,21,4491.0,4.0,21350
B01F25X6RQ,Samsung Ehs64 Ehs64Avfwecinu Hands-Free Wired In Ear Earphones With Mic With...,Electronics,"Headphones,Earbuds & Accessories",499.0,499.0,0,0.0,4.2,31539
B0B244R4KB,Spigen EZ Fit Tempered Glass Screen Protector for iPhone 14 Pro - 2 Pack (Sen...,Electronics,Mobiles & Accessories,999.0,2899.0,66,1900.0,4.6,6129
B0BMGG6NKT,"Samsung Galaxy M04 Dark Blue, 4GB RAM, 128GB Storage | Upto 8GB RAM with RAM...",Electronics,Mobiles & Accessories,10499.0,13499.0,22,3000.0,4.2,284
B092JHPL72,"SWAPKART Flexible Mobile Tabletop Stand, Metal Built, Heavy Duty Foldable Laz...",Electronics,Mobiles & Accessories,251.0,999.0,75,748.0,3.7,3234
B09GFM8CGS,"Redmi 9A Sport (Carbon Black, 2GB RAM, 32GB Storage) | 2GHz Octa-core Helio G...",Electronics,Mobiles & Accessories,6499.0,7999.0,19,1500.0,4.1,313832
B0B3MWYCHQ,Fire-Boltt Ring 3 Smart Watch 1.8 Biggest Display with Advanced Bluetooth Cal...,Electronics,Wearable Technology,2999.0,9999.0,70,7000.0,4.2,20879
B09J2MM5C6,Amozo Ultra Hybrid Camera and Drop Protection Back Cover Case for iPhone 13 (...,Electronics,Mobiles & Accessories,279.0,1499.0,81,1220.0,4.2,2646
B07Q4QV1DL,ELV Aluminum Adjustable Mobile Phone Foldable Tabletop Stand Dock Mount for A...,Electronics,Mobiles & Accessories,269.0,1499.0,82,1230.0,4.5,28978
B0B56YRBNT,"Tecno Spark 9 (Sky Mirror, 6GB RAM,128GB Storage) | 11GB Expandable RAM | Hel...",Electronics,Mobiles & Accessories,8999.0,13499.0,33,4500.0,3.8,3145
B01DF26V7A,"JBL C100SI Wired In Ear Headphones with Mic, JBL Pure Bass Sound, One Button...",Electronics,"Headphones,Earbuds & Accessories",599.0,1299.0,54,700.0,4.1,192589
B08K4PSZ3V,"Tukzer Capacitive Stylus Pen for Touch Screens Devices, Fine Point, Lightweig...",Electronics,Mobiles & Accessories,349.0,999.0,65,650.0,3.8,16557
B0B4F1YC3J,"Samsung Galaxy M13 5G (Aqua Green, 6GB, 128GB Storage) | 5000mAh Battery | Up...",Electronics,Mobiles & Accessories,13999.0,19499.0,28,5500.0,4.1,18998
B08K4RDQ71,"Tukzer Capacitive Stylus Pen for Touch Screens Devices, Fine Point, Lightweig...",Electronics,Mobiles & Accessories,349.0,999.0,65,650.0,3.8,16557
B085CZ3SR1,Mi 10W Wall Charger for Mobile Phones with Micro USB Cable (Black),Electronics,Mobiles & Accessories,499.0,599.0,17,100.0,4.2,21916
B09YV3K34W,Fire-Boltt India's No 1 Smartwatch Brand Talk 2 Bluetooth Calling Smartwatch...,Electronics,Wearable Technology,2199.0,9999.0,78,7800.0,4.2,29472
B09Z6WH2N1,"STRIFF 12 Pieces Highly Flexible Silicone Micro USB Protector, Mouse Cable Pr...",Electronics,Mobiles & Accessories,95.0,499.0,81,404.0,4.2,1949
B09NL4DJ2Z,FLiX (Beetel) USB to Type C PVC Data Sync & 2A Smartphone Fast Charging Cable...,Computers & Accessories,Accessories & Peripherals,139.0,249.0,44,110.0,4.0,9377
B0BGSV43WY,Noise ColorFit Pro 4 Alpha Bluetooth Calling Smart Watch with 1.78 AMOLED Dis...,Electronics,Wearable Technology,4499.0,7999.0,44,3500.0,3.5,37
B0926V9CTV,Elv Mobile Phone Mount Tabletop Holder for Phones and Tablets - Black,Electronics,Mobiles & Accessories,89.0,599.0,85,510.0,4.3,2351
B07WGPKMP5,"iQOO Z6 44W by vivo (Raven Black, 6GB RAM, 128GB Storage) | 6.44"" FHD+ AMOLED...",Electronics,Mobiles & Accessories,15499.0,20999.0,26,5500.0,4.1,19253
B0BBFJ9M3X,"Redmi 11 Prime 5G (Meadow Green, 4GB RAM 64GB ROM) | Prime Design | MTK Dimen...",Electronics,Mobiles & Accessories,13999.0,15999.0,13,2000.0,3.9,2180
B09PLFJ7ZW,"Noise Pulse Buzz 1.69"" Bluetooth Calling Smart Watch with Call Function, 150...",Electronics,Wearable Technology,1999.0,4999.0,60,3000.0,3.9,7571
B0B53NXFFR,"PTron Newly Launched Force X10 Bluetooth Calling Smartwatch with 1.7"" Full To...",Electronics,Wearable Technology,1399.0,5999.0,77,4600.0,3.3,4415
B07GNC2592,Portronics CLAMP X Car-Vent Mobile Holder 360 Degree Rotational(Black),Electronics,Mobiles & Accessories,599.0,999.0,40,400.0,4.0,18654
B09TP5KBN7,"pTron Volta Dual Port 12W Smart USB Charger Adapter, Multi-Layer Protection,...",Electronics,Mobiles & Accessories,199.0,1099.0,82,900.0,4.0,3197
B0949SBKMP,"boAt Flash Edition Smart Watch with Activity Tracker, Multiple Sports Modes,...",Electronics,Wearable Technology,1799.0,6990.0,74,5191.0,4.0,26880
B09V175NP7,"boAt Wave Lite Smartwatch with 1.69 Inches(4.29cm) HD Display, Heart Rate & S...",Electronics,Wearable Technology,1499.0,6990.0,79,5491.0,3.9,21796
B07WHSJXLF,"iQOO Z6 Pro 5G by vivo (Phantom Dusk, 8GB RAM, 128GB Storage) | Snapdragon 77...",Electronics,Mobiles & Accessories,20999.0,29990.0,30,8991.0,4.3,9499
B0BD3T6Z1D,"Samsung Galaxy M32 Prime Edition (Light Blue, 4GB RAM, 64GB)",Electronics,Mobiles & Accessories,12999.0,13499.0,4,500.0,4.1,56098
B09LHYZ3GJ,"Redmi Note 11T 5G (Matte Black, 6GB RAM, 128GB ROM)| Dimensity 810 5G | 33W P...",Electronics,Mobiles & Accessories,16999.0,20999.0,19,4000.0,4.1,31822
B07WFPMGQQ,"iQOO Z6 Pro 5G by vivo (Legion Sky, 6GB RAM, 128GB Storage) | Snapdragon 778G...",Electronics,Mobiles & Accessories,19999.0,27990.0,29,7991.0,4.3,9499
B09QS9X9L8,"Redmi Note 11 (Horizon Blue, 6GB RAM, 64GB Storage)|90Hz FHD+ AMOLED Display...",Electronics,Mobiles & Accessories,12999.0,18999.0,32,6000.0,4.1,50772
B0B6BLTGTT,Noise Pulse 2 Max Advanced Bluetooth Calling Smart Watch with 1.85'' TFT and...,Electronics,Wearable Technology,2999.0,5999.0,50,3000.0,4.1,7148
B084DTMYWK,Myvn 30W Warp/20W Dash Charging Usb Type C Charger Cable Compatible For Cellu...,Electronics,Mobiles & Accessories,329.0,999.0,67,670.0,4.2,3492
B0B53QLB9H,"PTron Newly Launched Force X10 Bluetooth Calling Smartwatch with 1.7"" Full To...",Electronics,Wearable Technology,1299.0,5999.0,78,4700.0,3.3,4415
B0BDYW3RN3,"SanDisk Ultra® microSDXC™ UHS-I Card, 256GB, 150MB/s R, 10 Y Warranty, for Sm...",Electronics,Accessories,1989.0,3500.0,43,1511.0,4.4,67260
B0B3RS9DNF,"Fire-Boltt Phoenix Smart Watch with Bluetooth Calling 1.3"",120+ Sports Modes,...",Electronics,Wearable Technology,1999.0,9999.0,80,8000.0,4.3,27704
B09QS9X16F,"Redmi Note 11 (Space Black, 6GB RAM, 64GB Storage) | 90Hz FHD+ AMOLED Display...",Electronics,Mobiles & Accessories,12999.0,18999.0,32,6000.0,4.1,50772
B08HV25BBQ,Noise ColorFit Pro 2 Full Touch Control Smart Watch with 35g Weight & Upgrade...,Electronics,Wearable Technology,1499.0,4999.0,70,3500.0,4.0,92588
B09LJ116B5,"Redmi Note 11T 5G (Aquamarine Blue, 6GB RAM, 128GB ROM)| Dimensity 810 5G | 3...",Electronics,Mobiles & Accessories,16999.0,20999.0,19,4000.0,4.1,31822
B0BMVWKZ8G,"Newly Launched Boult Dive+ with 1.85"" HD Display, Bluetooth Calling Smartwatc...",Electronics,Wearable Technology,1999.0,8499.0,76,6500.0,4.3,240
B0BD92GDQH,"OnePlus Nord Watch with 1.78” AMOLED Display, 60 Hz Refresh Rate, 105 Fitness...",Electronics,Wearable Technology,4999.0,6999.0,29,2000.0,3.8,758
B0B5GF6DQD,"Noise Agile 2 Buzz Bluetooth Calling Smart Watch with 1.28"" TFT Display,Dual...",Electronics,Wearable Technology,2499.0,5999.0,58,3500.0,3.7,828
B09JS94MBV,"Motorola a10 Dual Sim keypad Mobile with 1750 mAh Battery, Expandable Storage...",Electronics,Mobiles & Accessories,1399.0,1630.0,14,231.0,4.0,9378
B09YV463SW,"Fire-Boltt Ninja 3 Smartwatch Full Touch 1.69 "" & 60 Sports Modes with IP68,...",Electronics,Wearable Technology,1499.0,9999.0,85,8500.0,4.2,22638
B09NL4DCXK,"Flix (Beetel) Bolt 2.4 12W Dual USB Smart Charger, Made in India, Bis Certifi...",Electronics,Mobiles & Accessories,249.0,599.0,58,350.0,3.9,2147
B0B8CHJLWJ,Kyosei Advanced Tempered Glass Compatible with Google Pixel 6a with Military-...,Electronics,Mobiles & Accessories,299.0,1199.0,75,900.0,4.5,596
B0B8ZWNR5T,"STRIFF 12 Pieces Highly Flexible Silicone Micro USB Protector, Mouse Cable Pr...",Electronics,Mobiles & Accessories,79.0,499.0,84,420.0,4.2,1949
B0BBFJLP21,"Redmi 11 Prime 5G (Thunder Black, 4GB RAM, 64GB Storage) | Prime Design | MTK...",Electronics,Mobiles & Accessories,13999.0,15999.0,13,2000.0,3.9,2180
B01F262EUU,"Samsung Original EHS64 Wired in Ear Earphones with Mic, Black",Electronics,"Headphones,Earbuds & Accessories",949.0,999.0,5,50.0,4.2,31539
B09VZBGL1N,"STRIFF Multi Angle Tablet/Mobile Stand. Holder for iPhone, Android, Samsung,...",Electronics,Mobiles & Accessories,99.0,499.0,80,400.0,4.1,2451
B0BNVBJW2S,"boAt Newly Launched Wave Electra with 1.81"" HD Display, Smart Calling Ultra-S...",Electronics,Wearable Technology,2499.0,7990.0,69,5491.0,4.1,154
B0B2DJ5RVQ,WeCool B1 Mobile Holder for Bikes or Bike Mobile Holder for Maps and GPS Navi...,Electronics,Mobiles & Accessories,689.0,1999.0,66,1310.0,4.3,1193
B096TWZRJC,"Sounce 360 Adjustable Mobile Phone Holder, Universal Phone Holder Clip Lazy B...",Electronics,Mobiles & Accessories,499.0,1899.0,74,1400.0,4.1,1475
B09GP6FBZT,OpenTech® Military-Grade Tempered Glass Screen Protector Compatible for iPhon...,Electronics,Mobiles & Accessories,299.0,999.0,70,700.0,4.3,8891
B0B3DV7S9B,"EN LIGNE Adjustable Cell Phone Stand, Foldable Portable Phone Stand Phone Hol...",Electronics,Mobiles & Accessories,209.0,499.0,58,290.0,3.6,104
B09MKP344P,"Tecno Spark 8T (Turquoise Cyan, 4GB RAM,64GB Storage) | 50MP AI Camera | 7GB...",Electronics,Mobiles & Accessories,8499.0,12999.0,35,4500.0,4.1,6662
B08JW1GVS7,URBN 20000 mAh Lithium_Polymer 22.5W Super Fast Charging Ultra Compact Power...,Electronics,Mobiles & Accessories,2179.0,3999.0,46,1820.0,4.0,8380
B09LHZSMRR,"Redmi Note 11T 5G (Stardust White, 6GB RAM, 128GB ROM)| Dimensity 810 5G | 33...",Electronics,Mobiles & Accessories,16999.0,20999.0,19,4000.0,4.1,31822
B0B5V47VK4,"OnePlus 10T 5G (Moonstone Black, 8GB RAM, 128GB Storage)",Electronics,Mobiles & Accessories,44999.0,49999.0,10,5000.0,4.3,3075
B08H21B6V7,Nokia 150 (2020) (Cyan),Electronics,Mobiles & Accessories,2599.0,2999.0,13,400.0,3.9,14266
B09BNXQ6BR,"Noise ColorFit Ultra SE Smart Watch with 1.75""(4.3cm) HD Display, Aluminium A...",Electronics,Wearable Technology,2799.0,6499.0,57,3700.0,4.1,38879
B01FSYQ2A4,boAt Rockerz 400 Bluetooth On Ear Headphones With Mic With Upto 8 Hours Playb...,Electronics,"Headphones,Earbuds & Accessories",1399.0,2990.0,53,1591.0,4.1,97175
B08L5FM4JC,"SanDisk Ultra microSD UHS-I Card 64GB, 120MB/s R",Electronics,Accessories,649.0,2400.0,73,1751.0,4.4,67260
B0B54Y2SNX,iPhone Original 20W C Type Fast PD Charger Compatible with I-Phone13/13 mini/...,Electronics,Mobiles & Accessories,799.0,3990.0,80,3191.0,3.8,119
B08BQ947H3,"LIRAMARK Webcam Cover Slide, Ultra Thin Laptop Camera Cover Slide Blocker for...",Computers & Accessories,Accessories & Peripherals,149.0,149.0,0,0.0,4.3,10833
B0B7DHSKS7,"Nokia 8210 4G Volte keypad Phone with Dual SIM, Big Display, inbuilt MP3 Play...",Electronics,Mobiles & Accessories,3799.0,5299.0,28,1500.0,3.5,1641
B09SJ1FTYV,Sounce Protective Case Cover Compatible Boat Xtend Overall Protective Case TP...,Electronics,Mobiles & Accessories,199.0,1899.0,90,1700.0,4.0,4740
B09XJ5LD6L,"Samsung Galaxy M53 5G (Deep Ocean Blue, 6GB, 128GB Storage) | 108MP | sAmoled...",Electronics,Mobiles & Accessories,23999.0,32999.0,27,9000.0,3.9,8866
B07WHS7MZ1,"iQOO 9 SE 5G (Sunset Sierra, 8GB RAM, 128GB Storage) | Qualcomm Snapdragon 88...",Electronics,Mobiles & Accessories,29990.0,39990.0,25,10000.0,4.3,8399
B0BBVKRP7B,SHREENOVA ID116 Plus Bluetooth Fitness Smart Watch for Men Women and Kids Act...,Electronics,Wearable Technology,281.0,1999.0,86,1718.0,2.8,87
B09NY7W8YD,"POCO C31 (Shadow Gray, 64 GB) (4 GB RAM)",Electronics,Mobiles & Accessories,7998.0,11999.0,33,4001.0,3.8,125
B0BMM7R92G,Noise_Colorfit Smart Watch Charger 2 Pin USB Fast Charger Magnetic Charging C...,Electronics,Wearable Technology,249.0,999.0,75,750.0,4.5,38
B08M66K48D,POPIO Tempered Glass Screen Protector Compatible for iPhone 12 / iPhone 12 Pr...,Electronics,Mobiles & Accessories,299.0,599.0,50,300.0,4.3,4674
B09RFB2SJQ,"10WeRun Id-116 Bluetooth Smartwatch Wireless Fitness Band for Boys, Girls, Me...",Electronics,Wearable Technology,499.0,1899.0,74,1400.0,4.1,412
B0B82YGCF6,"Tokdis MX-1 Pro Bluetooth Calling Smartwatch - 1.69” LCD Display, Multiple Wa...",Electronics,Wearable Technology,899.0,3499.0,74,2600.0,3.0,681
B08HF4W2CT,"URBN 20000 mAh lithium_polymer Power Bank with 12 Watt Fast Charging, Camo",Electronics,Mobiles & Accessories,1599.0,3499.0,54,1900.0,4.0,36384
B08BCKN299,Sounce Gold Plated 3.5 mm Headphone Splitter for Computer 2 Male to 1 Female...,Electronics,"Headphones,Earbuds & Accessories",120.0,999.0,88,879.0,3.9,6491
B0B2X35B1K,"Noise ColorFit Ultra 2 Buzz 1.78"" AMOLED Bluetooth Calling Watch with 368*448...",Electronics,Wearable Technology,3999.0,6999.0,43,3000.0,4.1,10229
B09QS9CWLV,"Redmi Note 11 (Horizon Blue, 6GB RAM, 64GB Storage)|90Hz FHD+ AMOLED Display...",Electronics,Mobiles & Accessories,12999.0,18999.0,32,6000.0,4.1,50772
B0B1NX6JTN,Spigen Ultra Hybrid Back Cover Case Compatible with iPhone 14 Pro max (TPU +...,Electronics,Mobiles & Accessories,1599.0,2599.0,38,1000.0,4.3,1801
B078G6ZF5Z,Oraimo 18W USB & Type-C Dual Output Super Fast Charger Wall Adapter PE2.0&Qui...,Electronics,Mobiles & Accessories,699.0,1199.0,42,500.0,4.0,14404
B0BBW521YC,"LAPSTER 12pcs Spiral Cable Protectors for Charger, Wires, Data Charger Cable...",Electronics,Mobiles & Accessories,99.0,999.0,90,900.0,4.4,305
B09HSKYMB3,"MI REDMI 9i Sport (Carbon Black, 64 GB) (4 GB RAM)",Electronics,Mobiles & Accessories,7915.0,9999.0,21,2084.0,4.3,1376
B09YV42QHZ,"Fire-Boltt Ninja 3 Smartwatch Full Touch 1.69 "" & 60 Sports Modes with IP68,...",Electronics,Wearable Technology,1499.0,7999.0,81,6500.0,4.2,22638
B09BF8JBWX,"Lava A1 Josh 21(Blue Silver) -Dual Sim,Call Blink Notification,Military Grade...",Electronics,Mobiles & Accessories,1055.0,1249.0,16,194.0,3.8,2352
B0B5YBGCKD,POPIO Tempered Glass Compatible for iPhone 13 / iPhone 13 Pro/iPhone 14 (Tran...,Electronics,Mobiles & Accessories,150.0,599.0,75,449.0,4.3,714
B09MY4W73Q,Amozo Ultra Hybrid Camera and Drop Protection Back Cover Case for iPhone 13 (...,Electronics,Mobiles & Accessories,474.0,1799.0,74,1325.0,4.3,1454
B09T37CKQ5,"FLiX Usb Charger,Flix (Beetel) Bolt 2.4 Dual Poart,5V/2.4A/12W Usb Wall Charg...",Electronics,Mobiles & Accessories,239.0,599.0,60,360.0,3.9,2147
B09GFPN6TP,"Redmi 9A Sport (Coral Green, 3GB RAM, 32GB Storage) | 2GHz Octa-core Helio G2...",Electronics,Mobiles & Accessories,7499.0,9499.0,21,2000.0,4.1,313832
B0B298D54H,Prolet Classic Bumper Case Cover for Samsung Galaxy Watch 4 44mm TPU Plated F...,Electronics,Wearable Technology,265.0,999.0,73,734.0,3.7,465
B08VB57558,"Samsung Galaxy S20 FE 5G (Cloud Navy, 8GB RAM, 128GB Storage) with No Cost EM...",Electronics,Mobiles & Accessories,37990.0,74999.0,49,37009.0,4.2,27790
B0B9BXKBC7,"WeCool S5 Long Selfie Stick, with Large Reinforced Tripod Stand up to 61 Inch...",Electronics,Mobiles & Accessories,1799.0,3999.0,55,2200.0,4.6,245
B09NY6TRXG,"POCO C31 (Royal Blue, 64 GB) (4 GB RAM)",Electronics,Mobiles & Accessories,8499.0,11999.0,29,3500.0,3.9,276
B09NVPJ3P4,"Noise ColorFit Pulse Grand Smart Watch with 1.69""(4.29cm) HD Display, 60 Spor...",Electronics,Wearable Technology,1999.0,3999.0,50,2000.0,4.0,30254
B0B3NDPCS9,"Fire-Boltt Visionary 1.78"" AMOLED Bluetooth Calling Smartwatch with 368*448 P...",Electronics,Wearable Technology,3999.0,17999.0,78,14000.0,4.3,17161
B09VGKFM7Y,Amazon Basics 2 Amp USB Wall Charger & Micro USB Cable (White),Electronics,Mobiles & Accessories,219.0,499.0,56,280.0,4.4,14
B07QCWY5XV,Mobilife Bluetooth Extendable Selfie Stick with Tripod Stand and Wireless Rem...,Electronics,Mobiles & Accessories,599.0,1399.0,57,800.0,4.1,14560
B098QXR9X2,"Ambrane 27000mAh Power Bank, 20W Fast Charging, Triple Output, Type C PD (Inp...",Electronics,Mobiles & Accessories,2499.0,2999.0,17,500.0,4.1,3156
B07H1S7XW8,"STRIFF Wall Mount Phone Holder Wall Mount with Adhesive Strips, Charging Hold...",Electronics,Mobiles & Accessories,89.0,499.0,82,410.0,4.1,9340
B0BNXFDTZ2,"Fire-Boltt Tank 1.85"" Bluetooth Calling Smart Watch, 123 Sports Mode, 8 UI In...",Electronics,Wearable Technology,2999.0,11999.0,75,9000.0,4.4,768
B088ZFJY82,Elv Aluminium Adjustable Mobile Phone Foldable Holder Tabletop Stand Dock Mou...,Electronics,Mobiles & Accessories,314.0,1499.0,79,1185.0,4.5,28978
B0B4F4QZ1H,"Samsung Galaxy M13 5G (Stardust Brown, 6GB, 128GB Storage) | 5000mAh Battery...",Electronics,Mobiles & Accessories,13999.0,19499.0,28,5500.0,4.1,18998
B09BCNQ9R2,DYAZO USB 3.0 Type C Female to USB A Male Connector/Converter/Adapter Compati...,Electronics,Mobiles & Accessories,139.0,499.0,72,360.0,4.2,4971
B0B9BD2YL4,KINGONE Wireless Charging Pencil (2nd Generation) for iPad with Magnetic and...,Electronics,Mobiles & Accessories,2599.0,6999.0,63,4400.0,4.5,1526
B071Z8M4KX,boAt BassHeads 100 in-Ear Wired Headphones with Mic (Black),Electronics,"Headphones,Earbuds & Accessories",365.0,999.0,63,634.0,4.1,363711
B09N3ZNHTY,"boAt Airdopes 141 Bluetooth Truly Wireless in Ear Earbuds with mic, 42H Playt...",Electronics,"Headphones,Earbuds & Accessories",1499.0,4490.0,67,2991.0,3.9,136954
B005FYNT3G,SanDisk Cruzer Blade 32GB USB Flash Drive,Computers & Accessories,External Devices & Data Storage,289.0,650.0,56,361.0,4.3,253105
B01J0XWYKQ,"Logitech B170 Wireless Mouse, 2.4 GHz with USB Nano Receiver, Optical Trackin...",Computers & Accessories,Accessories & Peripherals,599.0,895.0,33,296.0,4.4,61314
B09CTRPSJR,Storio Kids Toys LCD Writing Tablet 8.5Inch E-Note Pad Best Birthday Gift for...,Computers & Accessories,Accessories & Peripherals,217.0,237.0,8,20.0,3.8,7354
B08JQN8DGZ,"boAt Airdopes 121v2 in-Ear True Wireless Earbuds with Upto 14 Hours Playback,...",Electronics,"Headphones,Earbuds & Accessories",1299.0,2990.0,57,1691.0,3.8,180998
B0B72BSW7K,SKE Bed Study Table Portable Wood Multifunction Laptop-Table Lapdesk for Chil...,Computers & Accessories,Accessories & Peripherals,263.0,699.0,62,436.0,3.5,690
B08TV2P1N8,"boAt Rockerz 255 Pro+ in-Ear Bluetooth Neckband with Upto 40 Hours Playback,...",Electronics,"Headphones,Earbuds & Accessories",1399.0,3990.0,65,2591.0,4.1,141841
B07XCM6T4N,STRIFF Adjustable Laptop Tabletop Stand Patented Riser Ventilated Portable Fo...,Computers & Accessories,Accessories & Peripherals,349.0,1499.0,77,1150.0,4.3,24791
B07T5DKR5D,"ZEBRONICS Zeb-Bro in Ear Wired Earphones with Mic, 3.5mm Audio Jack, 10mm Dri...",Electronics,"Headphones,Earbuds & Accessories",149.0,399.0,63,250.0,3.5,21764
B07PR1CL3S,"boAt Rockerz 450 Bluetooth On Ear Headphones with Mic, Upto 15 Hours Playback...",Electronics,"Headphones,Earbuds & Accessories",1220.0,3990.0,69,2770.0,4.1,107151
B07JQKQ91F,"JBL C50HI, Wired in Ear Headphones with Mic, One Button Multi-Function Remote...",Electronics,"Headphones,Earbuds & Accessories",499.0,999.0,50,500.0,3.9,92995
B08W56G1K9,LAPSTER Spiral Charger Spiral Charger Cable Protectors for Wires Data Cable S...,Computers & Accessories,Accessories & Peripherals,99.0,999.0,90,900.0,4.1,8751
B01L8ZNWN2,"HP v236w USB 2.0 64GB Pen Drive, Metal",Computers & Accessories,External Devices & Data Storage,475.0,1500.0,68,1025.0,4.2,64273
B009VCGPSY,"HP X1000 Wired USB Mouse with 3 Handy Buttons, Fast-Moving Scroll Wheel and O...",Computers & Accessories,Accessories & Peripherals,269.0,649.0,59,380.0,4.3,54315
B0B296NTFV,"Portronics Toad 23 Wireless Optical Mouse with 2.4GHz, USB Nano Dongle, Optic...",Computers & Accessories,Accessories & Peripherals,299.0,599.0,50,300.0,4.1,1597
B07TCN5VR9,Boult Audio BassBuds X1 in-Ear Wired Earphones with 10mm Extra Bass Driver an...,Electronics,"Headphones,Earbuds & Accessories",329.0,999.0,67,670.0,3.9,77027
B00ZYLMQH0,Dell KB216 Wired Multimedia USB Keyboard with Super Quite Plunger Keys with S...,Computers & Accessories,Accessories & Peripherals,549.0,1799.0,69,1250.0,4.3,28829
B01HJI0FS2,"Dell MS116 1000Dpi USB Wired Optical Mouse, Led Tracking, Scrolling Wheel, Pl...",Computers & Accessories,Accessories & Peripherals,299.0,650.0,54,351.0,4.5,33176
B076B8G5D8,Boya ByM1 Auxiliary Omnidirectional Lavalier Condenser Microphone with 20ft A...,Musical Instruments,Microphones,798.0,1995.0,60,1197.0,4.0,68664
B014SZO90Y,"Duracell Ultra Alkaline AA Battery, 8 Pcs",Electronics,General Purpose Batteries & Battery Chargers,266.0,315.0,16,49.0,4.5,28030
B07KCMR8D6,Classmate Octane Neon- Blue Gel Pens(Pack of 5)|Smooth Writing Pen|Attractive...,Office Products,Office Paper Products,50.0,50.0,0,0.0,4.3,5792
B00N1U9AJS,3M Scotch Double Sided Heavy Duty Tape(1m holds 4.5Kgs) for indoor hanging ap...,Home & Kitchen,Craft Materials,130.0,165.0,21,35.0,3.9,14778
B07KY3FNQP,boAt Bassheads 152 in Ear Wired Earphones with Mic(Active Black),Electronics,"Headphones,Earbuds & Accessories",449.0,1290.0,65,841.0,4.1,91770
B07QZ3CZ48,"boAt BassHeads 122 Wired Earphones with Heavy Bass, Integrated Controls and M...",Electronics,"Headphones,Earbuds & Accessories",399.0,1290.0,69,891.0,4.2,206
B09T3H12GV,"Dell USB Wireless Keyboard and Mouse Set- KM3322W, Anti-Fade & Spill-Resistan...",Computers & Accessories,Accessories & Peripherals,1399.0,2498.0,44,1099.0,4.2,33717
B08ZJDWTJ1,Seagate Expansion 1TB External HDD - USB 3.0 for Windows and Mac with 3 yr Da...,Computers & Accessories,External Devices & Data Storage,4098.0,4999.0,18,901.0,4.5,50810
B08FTFXNNB,"HP w100 480P 30 FPS Digital Webcam with Built-in Mic, Plug and Play Setup, Wi...",Electronics,Cameras & Photography,499.0,1999.0,75,1500.0,3.7,3369
B08YDFX7Y1,ZEBRONICS Zeb-Dash Plus 2.4GHz High Precision Wireless Mouse with up to 1600...,Computers & Accessories,Accessories & Peripherals,299.0,449.0,33,150.0,3.5,11827
B087FXHB6J,Zebronics Zeb-Companion 107 USB Wireless Keyboard and Mouse Set with Nano Rec...,Computers & Accessories,Accessories & Peripherals,699.0,999.0,30,300.0,3.5,15295
B07N42JB4S,"SYVO WT 3130 Aluminum Tripod (133CM), Universal Lightweight Tripod with Mobil...",Electronics,Cameras & Photography,799.0,3990.0,80,3191.0,4.3,27139
B0B31BYXQQ,"Boult Audio Airbass Z20 True Wireless, 40H Battery Life, Zen ENC Mic, Type-C...",Electronics,"Headphones,Earbuds & Accessories",1399.0,5499.0,75,4100.0,3.9,9504
B07SLMR1K6,"SanDisk Ultra Flair 64GB USB 3.0 Pen Drive, Multicolor",Computers & Accessories,External Devices & Data Storage,519.0,1350.0,62,831.0,4.3,30058
B092X94QNQ,"boAt Rockerz 330 in-Ear Bluetooth Neckband with Upto 30 Hours Playtime, ASAP...",Electronics,"Headphones,Earbuds & Accessories",1499.0,3990.0,62,2491.0,4.1,109864
B0846D5CBP,"Casio FX-991ES Plus-2nd Edition Scientific Calculator, Black",Office Products,Office Electronics,1295.0,1295.0,0,0.0,4.5,5760
B00KXULGJQ,"TP-Link AC750 Wifi Range Extender | Up to 750Mbps | Dual Band WiFi Extender,...",Computers & Accessories,Networking Devices,1889.0,5499.0,66,3610.0,4.2,49551
B08H9Z3XQW,boAt Bassheads 242 in Ear Wired Earphones with Mic(Blue),Electronics,"Headphones,Earbuds & Accessories",455.0,1490.0,69,1035.0,4.1,161677
B08LPJZSSW,DIGITEK® (DTR 260 GT) Gorilla Tripod/Mini 33 cm (13 Inch) Tripod for Mobile P...,Electronics,Cameras & Photography,399.0,995.0,60,596.0,3.9,21372
B08CYPB15D,HP 805 Black Original Ink Cartridge,Computers & Accessories,"Printers,Inks & Accessories",717.0,761.0,6,44.0,4.0,7199
B00MFPCY5C,GIZGA essentials Universal Silicone Keyboard Protector Skin for 15.6-inches L...,Computers & Accessories,Accessories & Peripherals,39.0,299.0,87,260.0,3.5,15233
B07JJFSG2B,SanDisk Ultra 128 GB USB 3.0 Pen Drive (Black),Computers & Accessories,External Devices & Data Storage,889.0,2500.0,64,1611.0,4.3,55747
B09NR6G588,"Boult Audio ZCharge Bluetooth Wireless in Ear Earphones with Mic, 40H Playtim...",Electronics,"Headphones,Earbuds & Accessories",1199.0,4999.0,76,3800.0,3.8,14961
B07JPX9CR7,"Dell WM118 Wireless Mouse, 2.4 Ghz with USB Nano Receiver, Optical Tracking,...",Computers & Accessories,Accessories & Peripherals,569.0,1299.0,56,730.0,4.4,9275
B08D11DZ2W,"Boult Audio AirBass PowerBuds with Inbuilt Powerbank, 120H Total Playtime, IP...",Electronics,"Headphones,Earbuds & Accessories",1499.0,8999.0,83,7500.0,3.7,28324
B07Q7561HD,Eveready 1015 Carbon Zinc AA Battery - 10 Pieces,Electronics,General Purpose Batteries & Battery Chargers,149.0,180.0,17,31.0,4.4,644
B0819HZPXL,Zebronics Zeb-Transformer-M Optical USB Gaming Mouse with LED Effect(Black),Computers & Accessories,Accessories & Peripherals,399.0,549.0,27,150.0,4.4,18139
B00LXTFMRS,PIDILITE Fevicryl Acrylic Colours Sunflower Kit (10 Colors x 15 ml) DIY Paint...,Home & Kitchen,Craft Materials,191.0,225.0,15,34.0,4.4,7203
B0B9LDCX89,"STRIFF Mpad Mouse Mat 230X190X3mm Gaming Mouse Pad, Non-Slip Rubber Base, Wat...",Computers & Accessories,Accessories & Peripherals,129.0,999.0,87,870.0,4.2,491
B0765B3TH7,"Gizga Essentials Hard Drive Case Shell, 6.35cm/2.5-inch, Portable Storage Org...",Computers & Accessories,Accessories & Peripherals,199.0,599.0,67,400.0,4.5,13568
B0B1F6GQPS,"Boult Audio FXCharge with ENC, 32H Playtime, 5min=7H Type C Fast Charging, Ze...",Electronics,"Headphones,Earbuds & Accessories",999.0,4499.0,78,3500.0,3.8,3390
B07LG59NPV,Boult Audio Probass Curve Bluetooth Wireless in Ear Earphones with Mic with I...,Electronics,"Headphones,Earbuds & Accessories",899.0,4499.0,80,3600.0,3.8,103052
B00AXHBBXU,"Casio FX-82MS 2nd Gen Non-Programmable Scientific Calculator, 240 Functions a...",Office Products,Office Electronics,522.0,550.0,5,28.0,4.4,12179
B08MCD9JFY,"Tygot 10 Inches Big LED Ring Light for Camera, Phone tiktok YouTube Video Sho...",Electronics,Cameras & Photography,799.0,1999.0,60,1200.0,3.8,12958
B083RCTXLL,"HP X200 Wireless Mouse with 2.4 GHz Wireless connectivity, Adjustable DPI up...",Computers & Accessories,Accessories & Peripherals,681.0,1199.0,43,518.0,4.2,8258
B08HLZ28QC,Oakter Mini UPS for 12V WiFi Router Broadband Modem | Backup Upto 4 Hours | W...,Computers & Accessories,Networking Devices,1199.0,3490.0,66,2291.0,4.1,11716
B07GVR9TG7,TP-Link Archer AC1200 Archer C6 Wi-Fi Speed Up to 867 Mbps/5 GHz + 400 Mbps/2...,Computers & Accessories,Networking Devices,2499.0,4999.0,50,2500.0,4.4,35024
B0856HY85J,"boAt Rockerz 550 Over Ear Bluetooth Headphones with Upto 20 Hours Playback, 5...",Electronics,"Headphones,Earbuds & Accessories",1799.0,4999.0,64,3200.0,4.1,55192
B07CD2BN46,Xiaomi Mi Wired in Ear Earphones with Mic Basic with Ultra Deep Bass & Alumin...,Electronics,"Headphones,Earbuds & Accessories",429.0,599.0,28,170.0,4.1,119466
B07PLHTTB4,Zodo 8. 5 inch LCD E-Writer Electronic Writing Pad/Tablet Drawing Board (Pape...,Computers & Accessories,Accessories & Peripherals,100.0,499.0,80,399.0,3.5,9638
B077T3BG5L,Zebronics ZEB-KM2100 Multimedia USB Keyboard Comes with 114 Keys Including 12...,Computers & Accessories,Accessories & Peripherals,329.0,399.0,18,70.0,3.6,33735
B079Y6JZC8,"ZEBRONICS Zeb-Comfort Wired USB Mouse, 3-Button, 1000 DPI Optical Sensor, Plu...",Computers & Accessories,Accessories & Peripherals,139.0,299.0,54,160.0,3.8,3044
B0856HNMR7,"boAt Rockerz 370 On Ear Bluetooth Headphones with Upto 12 Hours Playtime, Coz...",Electronics,"Headphones,Earbuds & Accessories",1199.0,2499.0,52,1300.0,4.0,33584
B0B12K5BPM,"ZEBRONICS Zeb-Astra 20 Wireless BT v5.0 Portable Speaker with 10W RMS Output,...",Electronics,Home Audio,1049.0,2299.0,54,1250.0,3.9,1779
B00LVMTA2A,Panasonic CR-2032/5BE Lithium Coin Battery - Pack of 5,Electronics,General Purpose Batteries & Battery Chargers,225.0,250.0,10,25.0,4.4,26556
B07TR5HSR9,MemeHo® Smart Standard Multi-Purpose Laptop Table with Dock Stand/Study Table...,Computers & Accessories,Accessories & Peripherals,656.0,1499.0,56,843.0,4.3,25903
B0819ZZK5K,"SanDisk Ultra Dual Drive Go USB Type C Pendrive for Mobile (Black, 128 GB, 5Y...",Computers & Accessories,External Devices & Data Storage,1109.0,2800.0,60,1691.0,4.3,53464
B08QJJCY2Q,Tizum Mouse Pad/ Computer Mouse Mat with Anti-Slip Rubber Base | Smooth Mouse...,Computers & Accessories,Accessories & Peripherals,169.0,299.0,43,130.0,4.4,5176
B07L5L4GTB,Epson 003 65 ml for EcoTank L1110/L3100/L3101/L3110/L3115/L3116/L3150/L3151/L...,Computers & Accessories,"Printers,Inks & Accessories",309.0,404.0,24,95.0,4.4,8614
B07L8KNP5F,"ZEBRONICS Zeb-Thunder Bluetooth Wireless Over Ear Headphone FM, mSD, 9 hrs Pl...",Electronics,"Headphones,Earbuds & Accessories",599.0,1399.0,57,800.0,3.8,60026
B08CF4SCNP,"Quantum QHM-7406 Full-Sized Keyboard with (₹) Rupee Symbol, Hotkeys and 3-pie...",Computers & Accessories,Accessories & Peripherals,299.0,599.0,50,300.0,3.8,3066
B09XX51X2G,"STRIFF Laptop Tabletop Stand, Fold-Up, Adjustable, Ventilated, Portable Holde...",Computers & Accessories,Accessories & Peripherals,449.0,999.0,55,550.0,4.0,2102
B01M72LILF,"Logitech M221 Wireless Mouse, Silent Buttons, 2.4 GHz with USB Mini Receiver,...",Computers & Accessories,Accessories & Peripherals,799.0,1295.0,38,496.0,4.4,34852
B00LZLQ624,"Classmate Soft Cover 6 Subject Spiral Binding Notebook, Single Line, 300 Pages",Office Products,Office Paper Products,157.0,160.0,2,3.0,4.5,8618
B09GB5B4BK,"HP 150 Wireless USB Mouse with Ergonomic and ambidextrous Design, 1600 DPI Op...",Computers & Accessories,Accessories & Peripherals,599.0,899.0,33,300.0,4.0,4018
B015ZXUDD0,"Duracell Rechargeable AA 1300mAh Batteries, 4Pcs",Electronics,General Purpose Batteries & Battery Chargers,479.0,599.0,20,120.0,4.3,11687
B09PL79D2X,"boAt Airdopes 181 in-Ear True Wireless Earbuds with ENx  Tech, Beast  Mode(Lo...",Electronics,"Headphones,Earbuds & Accessories",1598.0,2990.0,47,1392.0,3.8,11015
B098K3H92Z,"TP-Link USB Bluetooth Adapter for PC, 5.0 Bluetooth Dongle Receiver (UB500) S...",Computers & Accessories,Networking Devices,599.0,899.0,33,300.0,4.3,95116
B084PJSSQ1,"SanDisk Ultra Dual Drive Luxe USB Type C Flash Drive (Silver, 128 GB, 5Y - SD...",Computers & Accessories,External Devices & Data Storage,1299.0,3000.0,57,1701.0,4.3,23022
B097C564GC,"rts [2 Pack] Mini USB C Type C Adapter Plug, Type C Female to USB A Male Char...",Computers & Accessories,Accessories & Peripherals,294.0,4999.0,94,4705.0,4.3,4426
B08CYNJ5KY,HP 682 Black Original Ink Cartridge,Computers & Accessories,"Printers,Inks & Accessories",828.0,861.0,4,33.0,4.2,4567
B00Y4ORQ46,Logitech H111 Wired On Ear Headphones With Mic Black,Electronics,"Headphones,Earbuds & Accessories",745.0,795.0,6,50.0,4.0,13797
B074CWD7MS,"Digitek DTR 550 LW (67 Inch) Tripod For DSLR, Camera |Operating Height: 5.57...",Electronics,Cameras & Photography,1549.0,2495.0,38,946.0,4.4,15137
B00A0VCJPI,"TP-Link TL-WA850RE Single_Band 300Mbps RJ45 Wireless Range Extender, Broadban...",Computers & Accessories,Networking Devices,1469.0,2499.0,41,1030.0,4.2,156638
B00UGZWM2I,COI Note Pad/Memo Book with Sticky Notes & Clip Holder with Pen for Gifting,Office Products,Office Paper Products,198.0,800.0,75,602.0,4.1,9344
B00R1P3B4O,Fujifilm Instax Mini Single Pack 10 Sheets Instant Film for Fuji Instant Cameras,Electronics,Cameras & Photography,549.0,549.0,0,0.0,4.5,4875
B09DG9VNWB,"Samsung Galaxy Watch4 Bluetooth(4.4 cm, Black, Compatible with Android only)",Electronics,Wearable Technology,12000.0,29999.0,60,17999.0,4.3,4744
B09Y5MP7C4,"Noise Buds Vs104 Bluetooth Truly Wireless in Ear Earbuds with Mic, 30-Hours o...",Electronics,"Headphones,Earbuds & Accessories",1299.0,3499.0,63,2200.0,3.9,12452
B01DJJVFPC,"Duracell Ultra Alkaline AAA Battery, 8 Pcs",Electronics,General Purpose Batteries & Battery Chargers,269.0,315.0,15,46.0,4.5,17810
B07DFYJRQV,"JBL C200SI, Premium in Ear Wired Earphones with Mic, Signature Sound, One But...",Electronics,"Headphones,Earbuds & Accessories",799.0,1499.0,47,700.0,4.1,53648
B08L879JSN,Acer EK220Q 21.5 Inch (54.61 cm) Full HD (1920x1080) VA Panel LCD Monitor wit...,Computers & Accessories,Monitors,6299.0,13750.0,54,7451.0,4.2,2014
B08TDJNM3G,"E-COSMOS 5V 1.2W Portable Flexible USB LED Light (Colors May Vary, Small) - S...",Computers & Accessories,Accessories & Peripherals,59.0,59.0,0,0.0,3.8,5958
B06XSK3XL6,boAt Dual Port Rapid Car Charger (Qualcomm Certified) with Quick Charge 3.0 +...,Electronics,Mobiles & Accessories,571.0,999.0,43,428.0,4.3,38221
B07YNTJ8ZM,Zebronics ZEB-COUNTY 3W Wireless Bluetooth Portable Speaker With Supporting C...,Electronics,Home Audio,549.0,999.0,45,450.0,3.9,64705
B07KR5P3YD,Zebronics Wired Keyboard and Mouse Combo with 104 Keys and a USB Mouse with 1...,Computers & Accessories,Accessories & Peripherals,448.0,699.0,36,251.0,3.9,17348
B08FB2LNSZ,"JBL Tune 215BT, 16 Hrs Playtime with Quick Charge, in Ear Bluetooth Wireless...",Electronics,"Headphones,Earbuds & Accessories",1499.0,2999.0,50,1500.0,3.7,87798
B01IBRHE3E,"Gizga Essentials Professional 3-in-1 Cleaning Kit for Camera, Lens, Binocular...",Electronics,Cameras & Photography,299.0,499.0,40,200.0,4.2,24432
B01N6LU1VF,SanDisk Ultra Dual 64 GB USB 3.0 OTG Pen Drive (Black),Computers & Accessories,External Devices & Data Storage,579.0,1400.0,59,821.0,4.3,189104
B07XLML2YS,TP-Link Tapo 360° 2MP 1080p Full HD Pan/Tilt Home Security Wi-Fi Smart Camera...,Electronics,Cameras & Photography,2499.0,3299.0,24,800.0,4.2,93112
B086WMSCN3,boAt Airdopes 171 in Ear Bluetooth True Wireless Earbuds with Upto 13 Hours B...,Electronics,"Headphones,Earbuds & Accessories",1199.0,5999.0,80,4800.0,3.9,47521
B003B00484,Duracell Plus AAA Rechargeable Batteries (750 mAh) Pack of 4,Electronics,General Purpose Batteries & Battery Chargers,399.0,499.0,20,100.0,4.3,27201
B003L62T7W,"Logitech B100 Wired USB Mouse, 3 yr Warranty, 800 DPI Optical Tracking, Ambid...",Computers & Accessories,Accessories & Peripherals,279.0,375.0,26,96.0,4.3,31534
B09P18XVW6,"Noise Pulse Buzz 1.69"" Bluetooth Calling Smart Watch with Call Function, 150...",Electronics,Wearable Technology,2499.0,4999.0,50,2500.0,3.9,7571
B00LZLPYHW,"Classmate 2100117 Soft Cover 6 Subject Spiral Binding Notebook, Single Line,...",Office Products,Office Paper Products,137.0,160.0,14,23.0,4.4,6537
B00NNQMYNE,"AirCase Rugged Hard Drive Case for 2.5-inch Western Digital, Seagate, Toshiba...",Computers & Accessories,Accessories & Peripherals,299.0,499.0,40,200.0,4.5,21010
B0B217Z5VK,"Noise Buds VS402 Truly Wireless in Ear Earbuds, 35-Hours of Playtime, Instach...",Electronics,"Headphones,Earbuds & Accessories",1799.0,3999.0,55,2200.0,3.9,3517
B07B88KQZ8,"JBL Go 2, Wireless Portable Bluetooth Speaker with Mic, JBL Signature Sound,...",Electronics,Home Audio,1999.0,2999.0,33,1000.0,4.3,63899
B07Z3K96FR,Robustrion Tempered Glass Screen Protector for iPad 10.2 inch 9th Gen Generat...,Computers & Accessories,Accessories & Peripherals,399.0,1499.0,73,1100.0,4.1,5730
B0756CLQWL,"Redgear Pro Wireless Gamepad with 2.4GHz Wireless Technology, Integrated Dual...",Computers & Accessories,Accessories & Peripherals,1699.0,3999.0,58,2300.0,4.2,25488
B004IO5BMQ,"Logitech M235 Wireless Mouse, 1000 DPI Optical Tracking, 12 Month Life Batter...",Computers & Accessories,Accessories & Peripherals,699.0,995.0,30,296.0,4.5,54405
B01HGCLUH6,TP-link N300 WiFi Wireless Router TL-WR845N | 300Mbps Wi-Fi Speed | Three 5dB...,Computers & Accessories,Networking Devices,1149.0,1699.0,32,550.0,4.2,122478
B01N4EV2TL,"Logitech MK240 Nano Wireless USB Keyboard and Mouse Set, 12 Function Keys 2.4...",Computers & Accessories,Accessories & Peripherals,1495.0,1995.0,25,500.0,4.3,7241
B08MZQBFLN,Callas Multipurpose Foldable Laptop Table with Cup Holder | Drawer | Mac Hold...,Computers & Accessories,Accessories & Peripherals,849.0,4999.0,83,4150.0,4.0,20457
B0752LL57V,Casio MJ-12D 150 Steps Check and Correct Desktop Calculator,Office Products,Office Electronics,440.0,440.0,0,0.0,4.5,8610
B09Z28BQZT,"Amazon Basics Multipurpose Foldable Laptop Table with Cup Holder, Brown",Computers & Accessories,Accessories & Peripherals,599.0,3999.0,85,3400.0,3.9,1087
B094DQWV9B,Kanget [2 Pack] Type C Female to USB A Male Charger | Charging Cable Adapter...,Computers & Accessories,Accessories & Peripherals,149.0,399.0,63,250.0,4.0,1540
B0BBMPH39N,"Amazon Basics Magic Slate 8.5-inch LCD Writing Tablet with Stylus Pen, for Dr...",Computers & Accessories,Accessories & Peripherals,289.0,999.0,71,710.0,4.1,401
B097JQ1J5G,"Zebronics ZEB-90HB USB Hub, 4 Ports, Pocket Sized, Plug & Play, for Laptop &...",Computers & Accessories,Accessories & Peripherals,179.0,499.0,64,320.0,3.4,9385
B07YY1BY5B,Noise ColorFit Pro 2 Full Touch Control Smart Watch with 35g Weight & Upgrade...,Electronics,Wearable Technology,1499.0,4999.0,70,3500.0,4.0,92588
B08VRMK55F,"Zebronics Zeb Buds C2 in Ear Type C Wired Earphones with Mic, Braided 1.2 Met...",Electronics,"Headphones,Earbuds & Accessories",399.0,699.0,43,300.0,3.4,3454
B08CHZ3ZQ7,"Redgear A-15 Wired Gaming Mouse with Upto 6400 DPI, RGB & Driver Customizatio...",Computers & Accessories,Accessories & Peripherals,599.0,799.0,25,200.0,4.3,15790
B08SCCG9D4,JBL Commercial CSLM20B Auxiliary Omnidirectional Lavalier Microphone with Bat...,Computers & Accessories,Accessories & Peripherals,949.0,2000.0,53,1051.0,3.9,14969
B0972BQ2RS,Fire-Boltt India's No 1 Smartwatch Brand Ring Bluetooth Calling with SpO2 & 1...,Electronics,Wearable Technology,2499.0,9999.0,75,7500.0,4.1,42139
B00ZRBWPA0,Eveready Red 1012 AAA Batteries - Pack of 10,Electronics,General Purpose Batteries & Battery Chargers,159.0,180.0,12,21.0,4.3,989
B0B2DD66GS,"SanDisk Extreme microSD UHS I Card 128GB for 4K Video on Smartphones,Action C...",Electronics,Accessories,1329.0,2900.0,54,1571.0,4.5,19624
B09M869Z5V,Portronics MPORT 31C 4-in-1 USB Hub (Type C to 4 USB-A Ports) with Fast Data...,Computers & Accessories,Accessories & Peripherals,570.0,999.0,43,429.0,4.2,3201
B07W6VWZ8C,"Infinity (JBL Fuze Pint, Wireless Ultra Portable Mini Speaker with Mic, Deep...",Electronics,Home Audio,899.0,1999.0,55,1100.0,4.1,30469
B07Z1X6VFC,"AirCase Protective Laptop Bag Sleeve fits Upto 13.3"" Laptop/ MacBook, Wrinkle...",Computers & Accessories,Accessories & Peripherals,449.0,999.0,55,550.0,4.4,9940
B07YL54NVJ,"Brand Conquer 6 in 1 with OTG, SD Card Reader, USB Type C, USB 3.0 and Micro...",Computers & Accessories,External Devices & Data Storage,549.0,999.0,45,450.0,4.3,7758
B0759QMF85,"TP-Link AC750 Dual Band Wireless Cable Router, 4 10/100 LAN + 10/100 WAN Port...",Computers & Accessories,Networking Devices,1529.0,2399.0,36,870.0,4.3,68409
B00LM4X0KU,"Parker Quink Ink Bottle, Blue",Office Products,Office Paper Products,100.0,100.0,0,0.0,4.3,3095
B08PFSZ7FH,STRIFF Laptop Stand Adjustable Laptop Computer Stand Multi-Angle Stand Phone...,Computers & Accessories,Accessories & Peripherals,299.0,1499.0,80,1200.0,4.2,903
B012MQS060,"Logitech MK215 Wireless Keyboard and Mouse Combo for Windows, 2.4 GHz Wireles...",Computers & Accessories,Accessories & Peripherals,1295.0,1795.0,28,500.0,4.1,25771
B01MF8MB65,boAt Bassheads 225 in Ear Wired Earphones with Mic(Blue),Electronics,"Headphones,Earbuds & Accessories",699.0,999.0,30,300.0,4.1,273189
B00LHZWD0C,"Luxor 5 Subject Single Ruled Notebook - A4, 70 GSM, 300 pages",Office Products,Office Paper Products,252.0,315.0,20,63.0,4.5,3785
B08QDPB1SL,Duracell Chhota Power AA Battery Set of 10 Pcs,Electronics,General Purpose Batteries & Battery Chargers,190.0,220.0,14,30.0,4.4,2866
B07BRKK9JQ,"Zebronics Zeb-Transformer Gaming Keyboard and Mouse Combo (USB, Braided Cable)",Computers & Accessories,Accessories & Peripherals,1299.0,1599.0,19,300.0,4.3,27223
B01EZ0X3L8,"SanDisk Ultra 64 GB USB Pen Drives (SDDDC2-064G-I35, Black, Silver)",Computers & Accessories,External Devices & Data Storage,729.0,1650.0,56,921.0,4.3,82356
B00LM4W1N2,Parker Classic Gold Gold Trim Ball Pen,Office Products,Office Paper Products,480.0,600.0,20,120.0,4.3,5719
B08YD264ZS,"Tarkan Portable Folding Laptop Desk for Bed, Lapdesk with Handle, Drawer, Cup...",Computers & Accessories,Accessories & Peripherals,999.0,2499.0,60,1500.0,4.3,1690
B00GZLB57U,Quantum RJ45 Ethernet Patch Cable/LAN Router Cable with Heavy Duty Gold Plate...,Computers & Accessories,Accessories & Peripherals,238.0,699.0,66,461.0,4.4,8372
B07V82W5CN,HP USB Wireless Spill Resistance Keyboard and Mouse Set with 10m Working Rang...,Computers & Accessories,Accessories & Peripherals,1349.0,2198.0,39,849.0,4.0,7113
B08HD7JQHX,HUMBLE Dynamic Lapel Collar Mic Voice Recording Filter Microphone for Singing...,Computers & Accessories,Accessories & Peripherals,199.0,499.0,60,300.0,3.3,2804
B0B31FR4Y2,"Boult Audio Omega with 30dB ANC+ ENC, 32H Playtime, 45ms Latency Gaming Mode,...",Electronics,"Headphones,Earbuds & Accessories",1999.0,9999.0,80,8000.0,3.7,1986
B09Y14JLP3,"STRIFF UPH2W Multi Angle Tablet/Mobile Stand. Holder for iPhone, Android, Sam...",Electronics,Mobiles & Accessories,99.0,499.0,80,400.0,4.1,2451
B09ZHCJDP1,"Amazon Basics Wireless Mouse | 2.4 GHz Connection, 1600 DPI | Type - C Adapte...",Computers & Accessories,Accessories & Peripherals,499.0,1000.0,50,501.0,5.0,23
B08C4Z69LN,Crucial RAM 8GB DDR4 3200MHz CL22 (or 2933MHz or 2666MHz) Laptop Memory CT8G4...,Computers & Accessories,Components,1792.0,3500.0,49,1708.0,4.5,26194
B016XVRKZM,"APC Back-UPS BX600C-IN 600VA / 360W, 230V, UPS System, an Ideal Power Backup...",Computers & Accessories,Accessories & Peripherals,3299.0,4100.0,20,801.0,3.9,15783
B00LHZW3XY,"Luxor 5 Subject Single Ruled Notebook - A5 Size, 70 GSM, 300 Pages",Office Products,Office Paper Products,125.0,180.0,31,55.0,4.4,8053
B098JYT4SY,"Zebronics Zeb-Jaguar Wireless Mouse, 2.4GHz with USB Nano Receiver, High Prec...",Computers & Accessories,Accessories & Peripherals,399.0,1190.0,66,791.0,4.1,2809
B08CFCK6CW,"Boult Audio Truebuds with 30H Playtime, IPX7 Waterproof, Lightning Boult™ Typ...",Electronics,"Headphones,Earbuds & Accessories",1199.0,7999.0,85,6800.0,3.6,25910
B09P564ZTJ,"Wembley LCD Writing Pad/Tab | Writing, Drawing, Reusable, Portable Pad with C...",Computers & Accessories,Accessories & Peripherals,235.0,1599.0,85,1364.0,3.8,1173
B07MSLTW8Z,"Gizga Essentials Multi-Purpose Portable & Foldable Wooden Desk for Bed Tray,...",Computers & Accessories,Accessories & Peripherals,549.0,1999.0,73,1450.0,3.6,6422
B09N6TTHT6,E-COSMOS Plug in LED Night Light Mini USB LED Light Flexible USB LED Ambient...,Computers & Accessories,Accessories & Peripherals,89.0,99.0,10,10.0,4.2,241
B098R25TGC,Noise Buds VS201 V2 in-Ear Truly Wireless Earbuds with Dual Equalizer | with...,Electronics,"Headphones,Earbuds & Accessories",1299.0,2999.0,57,1700.0,3.8,14629
B0B2PQL5N3,"Lapster Gel Mouse pad with Wrist Rest , Gaming Mouse Pad with Lycra Cloth Non...",Computers & Accessories,Accessories & Peripherals,230.0,999.0,77,769.0,4.2,1528
B07DKZCZ89,"Gizga Essentials Earphone Carrying Case, Multi-Purpose Pocket Storage Travel...",Electronics,"Headphones,Earbuds & Accessories",119.0,499.0,76,380.0,4.3,15032
B08GYG6T12,"SanDisk Ultra SDHC UHS-I Card 32GB 120MB/s R for DSLR Cameras, for Full HD Re...",Electronics,Accessories,449.0,800.0,44,351.0,4.4,69585
B09BN2NPBD,DIGITEK® (DRL-14C) Professional (31cm) Dual Temperature LED Ring Light with T...,Electronics,Mobiles & Accessories,1699.0,3495.0,51,1796.0,4.1,14371
B00J4YG0PC,"Classmate Long Notebook - 140 Pages, Single Line, 297mm x 210mm (Pack of 12)",Office Products,Office Paper Products,561.0,720.0,22,159.0,4.4,3182
B073BRXPZX,"Lenovo 300 Wired Plug & Play USB Mouse, High Resolution 1600 DPI Optical Sens...",Computers & Accessories,Accessories & Peripherals,289.0,590.0,51,301.0,4.4,25886
B08LHTJTBB,Dyazo 6 Angles Adjustable Aluminum Ergonomic Foldable Portable Tabletop Lapto...,Computers & Accessories,Accessories & Peripherals,599.0,1999.0,70,1400.0,4.4,4736
B07VTFN6HM,"Western Digital WD 2TB My Passport Portable Hard Disk Drive, USB 3.0 with  Au...",Computers & Accessories,External Devices & Data Storage,5599.0,7350.0,24,1751.0,4.4,73005
B008QS9J6Y,"Logitech C270 Digital HD Webcam with Widescreen HD Video Calling, HD Light Co...",Computers & Accessories,Accessories & Peripherals,1990.0,2595.0,23,605.0,4.3,20398
B09M8888DM,Portronics MPORT 31 4 Ports USB Hub (USB A to 4 USB-A Ports 4 in 1 Connector...,Computers & Accessories,Accessories & Peripherals,499.0,799.0,38,300.0,4.3,2125
B07Z1YVP72,"AirCase Protective Laptop Bag Sleeve fits Upto 15.6"" Laptop/ MacBook, Wrinkle...",Computers & Accessories,Accessories & Peripherals,449.0,999.0,55,550.0,4.3,11330
B082FTPRSK,Zinq Five Fan Cooling Pad and Laptop Stand with Dual Height Adjustment and Du...,Computers & Accessories,Accessories & Peripherals,999.0,1999.0,50,1000.0,4.2,27441
B09RF2QXGX,"Gizga Essentials Webcam Cover, Privacy Protector Webcam Cover Slide, Compatib...",Computers & Accessories,Accessories & Peripherals,69.0,299.0,77,230.0,4.3,255
B01KK0HU3Y,HP Z3700 Wireless Optical Mouse with USB Receiver and 2.4GHz Wireless Connect...,Computers & Accessories,Accessories & Peripherals,899.0,1499.0,40,600.0,4.2,23174
B07JF9B592,MAONO AU-400 Lavalier Auxiliary Omnidirectional Microphone (Black),Musical Instruments,Microphones,478.0,699.0,32,221.0,3.8,20218
B086394NY5,TABLE MAGIC Multipurpose Laptop Table Mat Finish Top Work at Home Study Table...,Computers & Accessories,Accessories & Peripherals,1399.0,2490.0,44,1091.0,4.3,11074
B017PDR9N0,"GIZGA Essentials Portable Tabletop Tablet Stand Mobile Holder, Desktop Stand,...",Computers & Accessories,Accessories & Peripherals,149.0,499.0,70,350.0,4.1,25607
B07NC12T2R,"boAt Stone 650 10W Bluetooth Speaker with Upto 7 Hours Playback, IPX5 and Int...",Electronics,Home Audio,1799.0,4990.0,64,3191.0,4.2,41226
B07WKBD37W,ESnipe Mart Worldwide Travel Adapter with Build in Dual USB Charger Ports wit...,Home Improvement,Electrical,425.0,999.0,57,574.0,4.0,2581
B08JMC1988,"boAt Stone 180 5W Bluetooth Speaker with Upto 10 Hours Playback, 1.75"" Driver...",Electronics,Home Audio,999.0,2490.0,60,1491.0,4.1,18331
B09GFN8WZL,Portronics Ruffpad 8.5M Multicolor LCD Writing Pad with Screen 21.5cm (8.5-in...,Computers & Accessories,Accessories & Peripherals,378.0,999.0,62,621.0,4.1,1779
B095X38CJS,BRUSTRO Copytinta Coloured Craft Paper A4 Size 80 GSM Mixed Bright Colour 40...,Office Products,Office Paper Products,99.0,99.0,0,0.0,4.3,388
B07ZKD8T1Q,Cuzor 12V Mini ups for WiFi Router | Power Backup up to 4 Hours | Replaceable...,Computers & Accessories,Networking Devices,1499.0,2999.0,50,1500.0,4.5,8656
B07G3YNLJB,Crucial BX500 240GB 3D NAND SATA 6.35 cm (2.5-inch) SSD (CT240BX500SSD1),Computers & Accessories,Components,1815.0,3100.0,41,1285.0,4.5,92925
B00P93X2H6,"Classmate Pulse Spiral Notebook - 240 mm x 180 mm, Soft Cover, 200 Pages, Unr...",Office Products,Office Paper Products,67.0,75.0,11,8.0,4.1,1269
B0798PJPCL,Portronics My buddy plus Adjustable Laptop cooling Table (Brown),Computers & Accessories,Accessories & Peripherals,1889.0,2699.0,30,810.0,4.3,17394
B09GFWJDY1,ZEBRONICS Zeb-Evolve Wireless in Ear Neckband Earphone with Supporting Blueto...,Electronics,"Headphones,Earbuds & Accessories",499.0,1499.0,67,1000.0,3.6,9169
B09MZ6WZ6V,INOVERA World Map Extended Anti Slip Rubber Gaming Stitched Mouse Pad Desk Ma...,Computers & Accessories,Accessories & Peripherals,499.0,999.0,50,500.0,4.4,1030
B094QZLJQ6,"Seagate One Touch 2TB External HDD with Password Protection – Black, for Wind...",Computers & Accessories,External Devices & Data Storage,5799.0,7999.0,28,2200.0,4.5,50273
B07L3NDN24,"ZEBRONICS Zeb-Fame 5watts 2.0 Multi Media Speakers with AUX, USB and Volume C...",Electronics,Home Audio,499.0,799.0,38,300.0,3.9,6742
B08WD18LJZ,"TVARA LCD Writing Tablet 8.5 Inch E-Note Pad LCD Writing Tablet, Kids Drawing...",Computers & Accessories,Accessories & Peripherals,249.0,600.0,59,351.0,4.0,1208
B06XDKWLJH,"Western Digital WD 1.5TB Elements Portable Hard Disk Drive, USB 3.0, Compatib...",Computers & Accessories,External Devices & Data Storage,4449.0,5734.0,22,1285.0,4.4,25006
B01J1CFO5I,Redgear MP35 Speed-Type Gaming Mousepad (Black/Red),Computers & Accessories,Accessories & Peripherals,299.0,550.0,46,251.0,4.6,33434
B07J2NGB69,"Lenovo 400 Wireless Mouse, 1200DPI Optical Sensor, 2.4GHz Wireless Nano USB,...",Computers & Accessories,Accessories & Peripherals,629.0,1390.0,55,761.0,4.4,6301
B00MUTWLW4,"Logitech K480 Wireless Multi-Device Keyboard for Windows, macOS, iPadOS, Andr...",Computers & Accessories,Accessories & Peripherals,2595.0,3295.0,21,700.0,4.4,22618
B017NC2IPM,RESONATE RouterUPS CRU12V2A | Zero Drop | UPS for WiFi Router | Mini UPS | Up...,Computers & Accessories,Networking Devices,1799.0,2911.0,38,1112.0,4.3,20342
B00N1U7JXM,"3M Post-it Sticky Note Cube, 200 Sheets (4 Colors x 50 Sheets) | 3"" x 3"" Size...",Office Products,Office Paper Products,90.0,175.0,49,85.0,4.4,7429
B08HQL67D6,OFIXO Multi-Purpose Laptop Table/Study Table/Bed Table/Foldable and Portable...,Computers & Accessories,Accessories & Peripherals,599.0,599.0,0,0.0,4.0,26423
B09RKFBCV7,"Fire-Boltt Ninja Calling 1.69"" Bluetooth Calling Smart Watch, Dial Pad, Speak...",Electronics,Wearable Technology,1999.0,7999.0,75,6000.0,4.2,31305
B08KHM9VBJ,"Airtel AMF-311WW Data Card (Black), 4g Hotspot Support with 2300 Mah Battery",Computers & Accessories,Networking Devices,2099.0,3250.0,35,1151.0,3.8,11213
B01IOZUHRS,Gizga Essentials Laptop Power Cable Cord- 3 Pin Adapter Isi Certified(1 Meter...,Computers & Accessories,Accessories & Peripherals,179.0,499.0,64,320.0,4.1,10174
B00CEQEGPI,"Logitech MK270r USB Wireless Keyboard and Mouse Set for Windows, 2.4 GHz Wire...",Computers & Accessories,Accessories & Peripherals,1345.0,2295.0,41,950.0,4.2,17413
B08B6XWQ1C,DIGITEK® (DTR-200MT) (18 CM) Portable & Flexible Mini Tripod with Mobile Hold...,Electronics,Cameras & Photography,349.0,995.0,65,646.0,4.2,6676
B01DGVKBC6,"FEDUS Cat6 Ethernet Cable, 10 Meter High Speed 550MHZ / 10 Gigabit Speed UTP...",Computers & Accessories,Accessories & Peripherals,287.0,499.0,42,212.0,4.4,8076
B08JD36C6H,Kingston DataTraveler Exodia DTX/32 GB Pen Drive USB 3.2 Gen 1 (Multicolor),Computers & Accessories,External Devices & Data Storage,349.0,450.0,22,101.0,4.1,18656
B00E3DVQFS,"Duracell Rechargeable AA 2500mAh Batteries, 4 Pcs",Electronics,General Purpose Batteries & Battery Chargers,879.0,1109.0,21,230.0,4.4,31599
B00BN5SNF0,"ENVIE® (AA10004PLNi-CD) AA Rechargeable Batteries, Low Self Discharge, AA 100...",Electronics,General Purpose Batteries & Battery Chargers,250.0,250.0,0,0.0,3.9,13971
B09SGGRKV8,ZEBRONICS Zeb-Buds 30 3.5Mm Stereo Wired in Ear Earphones with Mic for Callin...,Electronics,"Headphones,Earbuds & Accessories",199.0,499.0,60,300.0,3.6,2492
B084BR3QX8,LAPSTER Accessories Power Cable Cord 2 Pin Laptop Adapter and Tape Recorder 1.5M,Computers & Accessories,Accessories & Peripherals,149.0,999.0,85,850.0,3.5,2523
B09VC2D2WG,Portronics Ruffpad 12E Re-Writable LCD Writing Pad with 30.4cm (12 inch) Writ...,Computers & Accessories,Accessories & Peripherals,469.0,1499.0,69,1030.0,4.1,352
B09163Q5CD,Verilux® USB C Hub Multiport Adapter- 6 in 1 Portable Aluminum Type C Hub wit...,Computers & Accessories,Accessories & Peripherals,1187.0,1929.0,38,742.0,4.1,1662
B08K9PX15C,Zebronics Zeb Wonderbar 10 USB Powered 2.0 Computer Speaker with RGB Lights,Computers & Accessories,Accessories & Peripherals,849.0,1499.0,43,650.0,4.0,7352
B083RD1J99,"HP Wired Mouse 100 with 1600 DPI Optical Sensor, USB Plug-and -Play,ambidextr...",Computers & Accessories,Accessories & Peripherals,328.0,399.0,18,71.0,4.1,3441
B09Z7YGV3R,"Anjaney Enterprise Smart Multipurpose Foldable Laptop Table with Cup Holder,...",Computers & Accessories,Accessories & Peripherals,269.0,699.0,62,430.0,4.0,93
B00N3XLDW0,ENVIE ECR-20 Charger for AA & AAA Rechargeable Batteries,Electronics,Cameras & Photography,299.0,400.0,25,101.0,3.8,40895
B07Z53L5QL,"ProElite Faux Leather Smart Flip Case Cover for Apple iPad 10.2"" 9th Gen (202...",Computers & Accessories,Accessories & Peripherals,549.0,1499.0,63,950.0,4.3,11006
B00P93X0VO,"Classmate Pulse 6 Subject Notebook - Unruled, 300 Pages, Spiral Binding, 240m...",Office Products,Office Paper Products,114.0,120.0,5,6.0,4.2,8938
B07SBGFDX9,"Pentonic Multicolor Ball Point Pen, Pack of 10",Office Products,Office Paper Products,120.0,120.0,0,0.0,4.1,4308
B07X2L5Z8C,"Logitech Pebble M350 Wireless Mouse with Bluetooth or USB - Silent, Slim Comp...",Computers & Accessories,Accessories & Peripherals,1490.0,2295.0,35,805.0,4.6,10652
B00VA7YYUO,Apsara Platinum Pencils Value Pack - Pack of 20,Home & Kitchen,Craft Materials,99.0,99.0,0,0.0,4.3,5036
B07L9FW9GF,"Zebronics Zeb-Power Wired USB Mouse, 3-Button, 1200 DPI Optical Sensor, Plug...",Computers & Accessories,Accessories & Peripherals,149.0,249.0,40,100.0,4.0,5057
B08D64C9FN,Ant Esports GM320 RGB Optical Wired Gaming Mouse | 8 Programmable Buttons | 1...,Computers & Accessories,Accessories & Peripherals,575.0,2799.0,79,2224.0,4.2,8537
B00LOD70SC,Pilot V7 Liquid Ink Roller Ball Pen (2 Blue + 1 Black),Office Products,Office Paper Products,178.0,210.0,15,32.0,4.3,2450
B09X76VL5L,"boAt Airdopes 191G True Wireless Earbuds with ENx™ Tech Equipped Quad Mics, B...",Electronics,"Headphones,Earbuds & Accessories",1599.0,3490.0,54,1891.0,3.7,676
B091JF2TFD,Boult Audio BassBuds Oak in-Ear Wired Earphones with 10mm Extra Bass Driver a...,Electronics,"Headphones,Earbuds & Accessories",499.0,1299.0,62,800.0,3.9,1173
B07S7DCJKS,"IT2M Designer Mouse Pad for Laptop/Computer (9.2 X 7.6 Inches, 12788)",Computers & Accessories,Accessories & Peripherals,199.0,499.0,60,300.0,4.3,9998
B09NC2TY11,"Noise ColorFit Ultra Buzz Bluetooth Calling Smart Watch with 1.75"" HD Display...",Electronics,Wearable Technology,2499.0,5999.0,58,3500.0,4.1,5852
B0BDS8MY8J,"Lapster Caddy for ssd and HDD, Optical Bay 2nd Hard Drive Caddy, Caddy 9.5mm...",Computers & Accessories,Components,199.0,999.0,80,800.0,4.2,362
B09X7DY7Q4,SanDisk Extreme SD UHS I 64GB Card for 4K Video for DSLR and Mirrorless Camer...,Electronics,Accessories,939.0,1800.0,48,861.0,4.5,205052
B09YV575RK,"Fire-Boltt Ring Pro Bluetooth Calling, 1.75” 320*385px High Res, IP68 & SpO2...",Electronics,Wearable Technology,2499.0,9999.0,75,7500.0,4.0,9090
B08LW31NQ6,"Lenovo 600 Bluetooth 5.0 Silent Mouse: Compact, Portable, Dongle-Free Multi-D...",Computers & Accessories,Accessories & Peripherals,1439.0,2890.0,50,1451.0,4.5,4099
B09ND94ZRG,Boult Audio Airbass Propods X TWS Bluetooth Truly Wireless in Ear Earbuds wit...,Electronics,"Headphones,Earbuds & Accessories",1099.0,5999.0,82,4900.0,3.5,12966
B00P93X6EK,"Classmate Soft Cover 6 Subject Spiral Binding Notebook, Unruled, 300 Pages",Office Products,Office Paper Products,157.0,160.0,2,3.0,4.5,4428
B0994GP1CX,"LS LAPSTER Quality Assured Universal Silicone 15.6"" Keyboard Protector Skin||...",Computers & Accessories,Accessories & Peripherals,115.0,999.0,88,884.0,3.3,5692
B07H8W9PB6,KLAM LCD Writing Tablet Screenwriting Toys Board Smart Digital E-Note Pad 8.5...,Computers & Accessories,Accessories & Peripherals,175.0,499.0,65,324.0,4.1,21
B09NNHFSSF,CP PLUS 2MP Full HD Smart Wi-fi CCTV Security Camera | 360° with Pan Tilt | T...,Electronics,Cameras & Photography,1999.0,4700.0,57,2701.0,3.8,1880
B08D9NDZ1Y,"HP Deskjet 2331 Colour Printer, Scanner and Copier for Home/Small Office, Com...",Computers & Accessories,"Printers,Inks & Accessories",3999.0,4332.96,8,333.96,3.5,21762
B0085IATT6,"D-Link DIR-615 Wi-fi Ethernet-N300 Single_band 300Mbps Router, Mobile App Sup...",Computers & Accessories,Networking Devices,899.0,1800.0,50,901.0,4.1,22375
B08WJ86PV2,RPM Euro Games Gaming Mousepad Speed Type Extended Large (Size - 800 mm x 300...,Computers & Accessories,Accessories & Peripherals,299.0,990.0,70,691.0,4.5,2453
B078HRR1XV,Wacom One by CTL-472/K0-CX Digital Drawing Graphics Pen Tablet (Red & Black)...,Computers & Accessories,Accessories & Peripherals,3303.0,4699.0,30,1396.0,4.4,13544
B09P22HXH6,Lenovo 300 FHD Webcam with Full Stereo Dual Built-in mics | FHD 1080P 2.1 Meg...,Computers & Accessories,Accessories & Peripherals,1890.0,5490.0,66,3600.0,4.1,10976
B00LM4X3XE,Parker Quink Ink Bottle (Black),Office Products,Office Paper Products,90.0,100.0,10,10.0,4.3,3061
B09YLFHFDW,Sony WI-C100 Wireless Headphones with Customizable Equalizer for Deep Bass &...,Electronics,"Headphones,Earbuds & Accessories",1599.0,2790.0,43,1191.0,3.6,2272
B07YWS9SP9,"Zebronics, ZEB-NC3300 USB Powered Laptop Cooling Pad with Dual Fan, Dual USB...",Computers & Accessories,Accessories & Peripherals,599.0,999.0,40,400.0,4.0,7601
B08WLY8V9S,Tukzer Gel Mouse Pad Wrist Rest Memory-Foam Ergonomic Mousepad| Cushion Wrist...,Computers & Accessories,Accessories & Peripherals,425.0,899.0,53,474.0,4.5,4219
B0873L7J6X,"Infinity (JBL Glide 510, 72 Hrs Playtime with Quick Charge, Wireless On Ear H...",Electronics,"Headphones,Earbuds & Accessories",1499.0,3999.0,63,2500.0,4.2,42775
B07YNHCW6N,Robustrion Smart Trifold Hard Back Flip Stand Case Cover for Apple iPad 10.2...,Computers & Accessories,Accessories & Peripherals,549.0,2499.0,78,1950.0,4.3,5556
B01MQ2A86A,"Logitech M331 Silent Plus Wireless Mouse, 2.4GHz with USB Nano Receiver, 1000...",Computers & Accessories,Accessories & Peripherals,1295.0,1645.0,21,350.0,4.6,12375
B00KIE28X0,"Camel Artist Acrylic Color Box - 9ml Tubes, 12 Shades",Home & Kitchen,Craft Materials,310.0,310.0,0,0.0,4.5,5882
B0BHYJ8CVF,Portronics Key2 Combo Multimedia USB Wireless Keyboard and Mouse Set with 2.4...,Computers & Accessories,Accessories & Peripherals,1149.0,1499.0,23,350.0,4.1,10443
B0BCVJ3PVP,"SupCares Laptop Stand 7 Height Adjustable, Aluminium, Ventilated, Foldable, P...",Computers & Accessories,Accessories & Peripherals,499.0,1299.0,62,800.0,4.5,434
B0B2931FCV,"ZEBRONICS Zeb-Sound Bomb N1 True Wireless in Ear Earbuds with Mic ENC, Gaming...",Electronics,"Headphones,Earbuds & Accessories",999.0,4199.0,76,3200.0,3.5,1913
B09TMZ1MF8,Western Digital WD Green SATA 240GB Internal SSD Solid State Drive - SATA 6Gb...,Computers & Accessories,Components,1709.0,4000.0,57,2291.0,4.4,3029
B07VV37FT4,Classmate Octane Neon- 25 Blue Gel Pens | Smooth Writing Pens| Water-proof In...,Office Products,Office Paper Products,250.0,250.0,0,0.0,4.2,2628
B07JB2Y4SR,Classmate Octane Colour Burst-Multicolour Gel Pens (Pack of 10) | Gold & Silv...,Home & Kitchen,Craft Materials,90.0,100.0,10,10.0,4.4,10718
B08KRMK9LZ,"Tukzer Stylus Pen, iPad Pencil with Palm Rejection Tilt Sensor| 2nd Gen for 2...",Electronics,Mobiles & Accessories,2025.0,5999.0,66,3974.0,4.2,6233
B08LT9BMPP,"Logitech G102 USB Light Sync Gaming Mouse with Customizable RGB Lighting, 6 P...",Computers & Accessories,Accessories & Peripherals,1495.0,1995.0,25,500.0,4.5,10541
B0814ZY6FP,Zebronics ZEB-VITA Wireless Bluetooth 10W Portable Bar Speaker With Supportin...,Electronics,Home Audio,899.0,1199.0,25,300.0,3.8,10751
B09F3PDDRF,"Lapster USB 3.0 sata Cable for 2.5 inch SSD and HDD , USB 3.0 to SATA III Har...",Computers & Accessories,Accessories & Peripherals,349.0,999.0,65,650.0,3.9,817
B07X963JNS,"URBN 10000 mAh Lithium Power Bank UPR10K with 12 Watt Fast Charging, Blue",Electronics,Mobiles & Accessories,900.0,2499.0,64,1599.0,4.0,36384
B09LD3116F,Qubo Smart Cam 360 from Hero Group | Made in India | 2MP 1080p Full HD | CCTV...,Electronics,Cameras & Photography,2490.0,3990.0,38,1500.0,4.1,3606
B08Y5QJTVK,"Duracell CR2025 3V Lithium Coin Battery, 5 pcs, 2025 Coin Button Cell Battery...",Electronics,General Purpose Batteries & Battery Chargers,116.0,200.0,42,84.0,4.4,357
B00LY1FN1K,"Camel Fabrica Acrylic Ultra Color - 15ml each, 10 Shades",Home & Kitchen,Craft Materials,200.0,230.0,13,30.0,4.4,10170
B07DJ5KYDZ,Lenovo GX20L29764 65W Laptop Adapter/Charger with Power Cord for Select Model...,Computers & Accessories,Accessories & Peripherals,1249.0,2796.0,55,1547.0,4.4,4598
B009LJ2BXA,"Hp Wired On Ear Headphones With Mic With 3.5 Mm Drivers, In-Built Noise Cance...",Computers & Accessories,Accessories & Peripherals,649.0,999.0,35,350.0,3.5,7222
B09BVCVTBC,"Redragon K617 Fizz 60% Wired RGB Gaming Keyboard, 61 Keys Compact Mechanical...",Computers & Accessories,Accessories & Peripherals,2649.0,3499.0,24,850.0,4.5,1271
B07SY4C3TD,HP GT 53 XL Cartridge Ink,Computers & Accessories,"Printers,Inks & Accessories",596.0,723.0,18,127.0,4.4,3219
B094JB13XL,"Noise ColorFit Ultra Smart Watch with 1.75"" HD Display, Aluminium Alloy Body,...",Electronics,Wearable Technology,2499.0,5999.0,58,3500.0,4.1,38879
B08CRRQK6Z,"Zebronics Zeb-JUKEBAR 3900, 80W Multimedia soundbar with subwoofer Supporting...",Electronics,Home Audio,4999.0,12499.0,60,7500.0,4.2,4541
B08MTLLSL8,boAt Bassheads 102 Wired in Ear Earphones with Mic (Mint Green),Electronics,"Headphones,Earbuds & Accessories",399.0,1290.0,69,891.0,4.2,76042
B08Y57TPDM,"Duracell CR2016 3V Lithium Coin Battery, 5 pcs, 2016 Coin Button Cell Battery...",Electronics,General Purpose Batteries & Battery Chargers,116.0,200.0,42,84.0,4.3,485
B09CYTJV3N,MI 360° Home Security Wireless Camera 2K Pro with Bluetooth Gateway BLE 4.2 l...,Electronics,Cameras & Photography,4499.0,5999.0,25,1500.0,4.3,44696
B07GLNJC25,"ZEBRONICS Zeb-100HB 4 Ports USB Hub for Laptop, PC Computers, Plug & Play, Ba...",Computers & Accessories,Accessories & Peripherals,330.0,499.0,34,169.0,3.7,8566
B08FY4FG5X,Boult Audio Bass Buds Q2 Lightweight Stereo Wired Over Ear Headphones Set wit...,Electronics,"Headphones,Earbuds & Accessories",649.0,2499.0,74,1850.0,3.9,13049
B07TMCXRFV,ESR Screen Protector Compatible with iPad Pro 11 Inch (2022/2021/2020/2018) a...,Computers & Accessories,Accessories & Peripherals,1234.0,1599.0,23,365.0,4.5,16680
B00LZPQVMK,Parker Vector Standard Chrome Trim Ball Pen (Ink - Black),Office Products,Office Paper Products,272.0,320.0,15,48.0,4.0,3686
B08X77LM8C,"Silicone Rubber Earbuds Tips, Eartips, Earpads, Earplugs, for Replacement in...",Electronics,"Headphones,Earbuds & Accessories",99.0,999.0,90,900.0,3.8,594
B01EJ5MM5M,Canon PIXMA MG2577s All-in-One Inkjet Colour Printer with 1 Additional Colour...,Computers & Accessories,"Printers,Inks & Accessories",3498.0,3875.0,10,377.0,3.4,12185
B08J82K4GX,"Samsung 24-inch(60.46cm) FHD Monitor, IPS, 75 Hz, Bezel Less Design, AMD Free...",Computers & Accessories,Monitors,10099.0,19110.0,47,9011.0,4.3,2623
B07Z1Z77ZZ,"AirCase Protective Laptop Bag Sleeve fits Upto 14.1"" Laptop/ MacBook, Wrinkle...",Computers & Accessories,Accessories & Peripherals,449.0,999.0,55,550.0,4.3,9701
B00DJ5N9VK,Faber-Castell Connector Pen Set - Pack of 25 (Assorted),Toys & Games,Arts & Crafts,150.0,150.0,0,0.0,4.3,15867
B08FGNPQ9X,"Zinq UPS for Router, Mini UPS for 12V WiFi Router Broadband Modem with Upto 4...",Computers & Accessories,Networking Devices,1199.0,2999.0,60,1800.0,4.1,10725
B07NTKGW45,SaleOn™ Portable Storage Organizer Bag for Earphone USB Cable Power Bank Mobi...,Computers & Accessories,Accessories & Peripherals,397.0,899.0,56,502.0,4.0,3025
B08J4PL1Z3,"RPM Euro Games Laptop/PC Controller Wired for Windows - 7, 8, 8.1, 10 and XP,...",Computers & Accessories,Accessories & Peripherals,699.0,1490.0,53,791.0,4.0,5736
B07XJWTYM2,"realme Buds Wireless in Ear Bluetooth Earphones with mic, 11.2mm Bass Boost D...",Electronics,"Headphones,Earbuds & Accessories",1679.0,1999.0,16,320.0,4.1,72563
B09939XJX8,"TVARA LCD Writing Tablet, 8.5"" Inch Colorful Toddler Doodle Board Drawing Tab...",Computers & Accessories,Accessories & Peripherals,354.0,1500.0,76,1146.0,4.0,1026
B09MDCZJXS,"Wings Phantom Pro Earphones Gaming Earbuds with LED Battery Indicator, 50ms L...",Computers & Accessories,Accessories & Peripherals,1199.0,5499.0,78,4300.0,3.8,2043
B08CTQP51L,Robustrion [Anti-Scratch] & [Smudge Proof] [S Pen Compatible] Premium Tempere...,Computers & Accessories,Accessories & Peripherals,379.0,1499.0,75,1120.0,4.2,4149
B0BG62HMDJ,Cablet 2.5 Inch SATA USB 3.0 HDD/SSD Portable External Enclosure for 7mm and...,Computers & Accessories,External Devices & Data Storage,499.0,775.0,36,276.0,4.3,74
B08GTYFC37,"SanDisk 1TB Extreme Portable SSD 1050MB/s R, 1000MB/s W,Upto 2 Meter Drop Pro...",Computers & Accessories,External Devices & Data Storage,10389.0,32000.0,68,21611.0,4.4,41398
B08SBH499M,"ZEBRONICS Zeb-Warrior II 10 watts 2.0 Multimedia Speaker with RGB Lights, USB...",Computers & Accessories,Accessories & Peripherals,649.0,1300.0,50,651.0,4.1,5195
B08FYB5HHK,TP-Link UE300C USB Type-C to RJ45 Gigabit Ethernet Network Adapter/RJ45 LAN W...,Computers & Accessories,Networking Devices,1199.0,1999.0,40,800.0,4.5,22420
B0B5GJRTHB,"Wecool Moonwalk M1 ENC True Wireless in Ear Earbuds with Mic, Titanium Driver...",Electronics,"Headphones,Earbuds & Accessories",889.0,1999.0,56,1110.0,4.2,2284
B09GBBJV72,"HP 330 Wireless Black Keyboard and Mouse Set with Numeric Keypad, 2.4GHz Wire...",Computers & Accessories,Accessories & Peripherals,1409.0,2199.0,36,790.0,3.9,427
B07P434WJY,"RC PRINT GI 790 Ink Refill for Canon G1000, G1010, G1100, G2000, G2002, G2010...",Computers & Accessories,"Printers,Inks & Accessories",549.0,1999.0,73,1450.0,4.3,1367
B07T9FV9YP,Redgear Cloak Wired RGB Wired Over Ear Gaming Headphones with Mic for PC,Computers & Accessories,Accessories & Peripherals,749.0,1799.0,58,1050.0,4.0,13199
B08WKFSN84,Wayona Type C To Type C 65W/3.25A Nylon Braided Fast Charging Cable Compatibl...,Computers & Accessories,Accessories & Peripherals,379.0,1099.0,66,720.0,4.3,2806
B09TBCVJS3,"Amazfit GTS2 Mini (New Version) Smart Watch with Always-on AMOLED Display, Al...",Electronics,Wearable Technology,5998.0,7999.0,25,2001.0,4.2,30355
B08TR61BVK,"Tabelito® Polyester Foam, Nylon Hybrid laptopss Bag Sleeve Case Cover Pouch f...",Computers & Accessories,Accessories & Peripherals,299.0,1499.0,80,1200.0,4.2,2868
B0B2CPVXHX,Robustrion Anti-Scratch & Smudge Proof Tempered Glass Screen Protector for Xi...,Computers & Accessories,Accessories & Peripherals,379.0,1499.0,75,1120.0,4.1,670
B08XNL93PL,Portronics Ruffpad 15 Re-Writable LCD Screen 38.1cm (15-inch) Writing Pad for...,Office Products,Office Paper Products,1399.0,2999.0,53,1600.0,4.3,3530
B088GXTJM3,DIGITEK® (DLS-9FT) Lightweight & Portable Aluminum Alloy Light Stand for Ring...,Electronics,Cameras & Photography,699.0,1299.0,46,600.0,4.3,6183
B099S26HWG,"Classmate Pulse 1 Subject Notebook - 240mm x 180mm , Soft Cover, 180 Pages, S...",Office Products,Office Paper Products,300.0,300.0,0,0.0,4.2,419
B08461VC1Z,"Scarters Mouse Pad, Desk Mat Extended for Work from Home/Office/Gaming | Vega...",Computers & Accessories,Accessories & Peripherals,999.0,1995.0,50,996.0,4.5,7317
B00K32PEW4,"Casio MJ-120D 150 Steps Check and Correct Desktop Calculator with Tax Keys, B...",Office Products,Office Electronics,535.0,535.0,0,0.0,4.4,4426
B07LFWP97N,Gizga Essentials Laptop Bag Sleeve Case Cover Pouch with Handle for 14.1 Inch...,Computers & Accessories,Accessories & Peripherals,269.0,1099.0,76,830.0,4.1,1092
B0746N6WML,Parker Vector Camouflage Gift Set - Roller Ball Pen & Parker Logo Keychain (B...,Office Products,Office Paper Products,341.0,450.0,24,109.0,4.3,2493
B07W9KYT62,"TP-Link AC1200 Archer A6 Smart WiFi, 5GHz Gigabit Dual Band MU-MIMO Wireless...",Computers & Accessories,Networking Devices,2499.0,3999.0,38,1500.0,4.4,12679
B08D9MNH4B,"HP Deskjet 2723 AIO Printer, Copy, Scan, WiFi, Bluetooth, USB, Simple Setup S...",Computers & Accessories,"Printers,Inks & Accessories",5899.0,7005.0,16,1106.0,3.6,4199
B09MKG4ZCM,Xiaomi Mi 4A Dual_Band Ethernet 1200Mbps Speed Router| 2.4GHz & 5GHz Frequenc...,Computers & Accessories,Networking Devices,1565.0,2999.0,48,1434.0,4.0,11113
B07RZZ1QSW,SLOVIC® Tripod Mount Adapter| Tripod Mobile Holder|Tripod Phone Mount(Made in...,Electronics,Cameras & Photography,326.0,799.0,59,473.0,4.4,10773
B07222HQKP,"Orico 2.5""(6.3cm) USB 3.0 HDD Enclosure Case Cover for SATA SSD HDD | SATA SS...",Computers & Accessories,External Devices & Data Storage,657.0,999.0,34,342.0,4.3,13944
B00NFD0ETQ,"Logitech G402 Hyperion Fury USB Wired Gaming Mouse, 4,000 DPI, Lightweight, 8...",Computers & Accessories,Accessories & Peripherals,1995.0,2895.0,31,900.0,4.6,10760
B075DB1F13,"Panasonic Eneloop BQ-CC55N Advanced, Smart and Quick Charger for AA & AAA Rec...",Electronics,General Purpose Batteries & Battery Chargers,1500.0,1500.0,0,0.0,4.4,25996
B0148NPH9I,"Logitech K380 Wireless Multi-Device Keyboard for Windows, Apple iOS, Apple TV...",Computers & Accessories,Accessories & Peripherals,2640.0,3195.0,17,555.0,4.5,16146
B01JOFKL0A,Canon PIXMA E477 All-in-One Wireless Ink Efficient Colour Printer (White/Blue),Computers & Accessories,"Printers,Inks & Accessories",5299.0,6355.0,17,1056.0,3.9,8280
B079S811J3,"Redgear Cosmo 7,1 Usb Gaming Wired Over Ear Headphones With Mic With Virtual...",Computers & Accessories,Accessories & Peripherals,1990.0,2999.0,34,1009.0,4.3,14237
B0083T231O,Belkin Essential Series 4-Socket Surge Protector Universal Socket with 5ft He...,Electronics,Power Accessories,1289.0,1499.0,14,210.0,4.5,20668
B086PXQ2R4,"Classmate Long Book - Unruled, 160 Pages, 314 mm x 194 mm - Pack Of 3",Office Products,Office Paper Products,165.0,165.0,0,0.0,4.5,1674
B07L1N3TJX,Artis AR-45W-MG2 45 Watts MG2 Laptop Adapter/Charger Compatible with MB Air 1...,Computers & Accessories,Accessories & Peripherals,1699.0,3499.0,51,1800.0,3.6,7689
B07YFWVRCM,"Imou 360° 1080P Full HD Security Camera, Human Detection, Motion Tracking, 2-...",Electronics,Cameras & Photography,2299.0,7500.0,69,5201.0,4.1,5554
B08TDJ5BVF,"E-COSMOS 5V 1.2W Portable Flexible USB LED Light (Colours May Vary, Small, EC...",Computers & Accessories,Accessories & Peripherals,39.0,39.0,0,0.0,3.8,3344
B09XXZXQC1,"Xiaomi Pad 5| Qualcomm Snapdragon 860| 120Hz Refresh Rate| 6GB, 128GB| 2.5K+...",Computers & Accessories,Tablets,26999.0,37999.0,29,11000.0,4.6,2886
B083T5G5PM,Sennheiser CX 80S in-Ear Wired Headphones with in-line One-Button Smart Remot...,Electronics,"Headphones,Earbuds & Accessories",1490.0,1990.0,25,500.0,4.1,98250
B0BHVPTM2C,HB Plus Folding Height Adjustable Aluminum Foldable Portable Adjustment Deskt...,Computers & Accessories,Accessories & Peripherals,398.0,1949.0,80,1551.0,4.0,75
B01NBX5RSB,HP 65W AC Laptops Charger Adapter 4.5mm for HP Pavilion Black (Without Power...,Computers & Accessories,Accessories & Peripherals,770.0,1547.0,50,777.0,4.3,2585
B08MWJTST6,Tukzer Fully Foldable Tabletop Desktop Tablet Mobile Stand Holder - Angle & H...,Electronics,Mobiles & Accessories,279.0,1299.0,79,1020.0,4.0,5072
B07R99NBVB,"Gizga Essentials Cable Organiser, Cord Management System for PC, TV, Home The...",Home Improvement,Electrical,249.0,599.0,58,350.0,4.5,5985
B00LY12TH6,Camel Oil Pastel with Reusable Plastic Box - 50 Shades,Home & Kitchen,Craft Materials,230.0,230.0,0,0.0,4.5,9427
B08497Z1MQ,"HP M270 Backlit USB Wired Gaming Mouse with 6 Buttons, 4-Speed Customizable 2...",Computers & Accessories,Accessories & Peripherals,599.0,700.0,14,101.0,4.3,2301
B07KNM95JK,Foxin FTC 12A / Q2612A Black Laser Toner Cartridge Compatible with Laserjet 1...,Computers & Accessories,"Printers,Inks & Accessories",598.0,1150.0,48,552.0,4.1,2535
B09Q3M3WLJ,Robustrion [Anti-Scratch] & [Smudge Proof] [Bubble Free] Premium Tempered Gla...,Computers & Accessories,Accessories & Peripherals,399.0,1499.0,73,1100.0,4.0,691
B09B9SPC7F,PC SQUARE Laptop Tabletop Stand/ Computer Tablet Stand 6 Angles Adjustable Al...,Computers & Accessories,Accessories & Peripherals,499.0,1299.0,62,800.0,4.1,2740
B099SD8PRP,"Lenovo 130 Wireless Compact Mouse, 1K DPI Optical sensor, 2.4GHz Wireless Nan...",Computers & Accessories,Accessories & Peripherals,579.0,1090.0,47,511.0,4.4,3482
B00S2SEV7K,"Pilot Frixion Clicker Roller Pen (Blue), (9000019529)",Office Products,Office Paper Products,90.0,100.0,10,10.0,4.1,6199
B08WKCTFF3,"ZEBRONICS Aluminium Alloy Laptop Stand, Compatible with 9-15.6 inch Laptops,...",Computers & Accessories,Accessories & Peripherals,899.0,1999.0,55,1100.0,4.4,1667
B08498D67S,"HP K500F Backlit Membrane Wired Gaming Keyboard with Mixed Color Lighting, Me...",Computers & Accessories,Accessories & Peripherals,1149.0,1800.0,36,651.0,4.3,4723
B00C3GBCIS,GIZGA Club-laptop Neoprene Reversible for 15.6-inches Laptop Sleeve - Black-Red,Computers & Accessories,Accessories & Peripherals,249.0,499.0,50,250.0,4.2,22860
B00URH5E34,Inventis 5V 1.2W Portable Flexible USB LED Light Lamp (Colors may vary),Computers & Accessories,Accessories & Peripherals,39.0,39.0,0,0.0,3.6,13572
B00EYW1U68,TP-Link TL-WA855RE 300 Mbps Wi-Fi Range Extender (White),Computers & Accessories,Networking Devices,1599.0,3599.0,56,2000.0,4.2,16182
B08SMJT55F,"boAt Stone 250 Portable Wireless Speaker with 5W RMS Immersive Audio, RGB LED...",Electronics,Home Audio,1199.0,3990.0,70,2791.0,4.2,2908
B08Y7MXFMK,"Offbeat® - DASH 2.4GHz Wireless + Bluetooth 5.1 Mouse, Multi-Device Dual Mode...",Computers & Accessories,Accessories & Peripherals,1099.0,1499.0,27,400.0,4.2,2375
B086Q3QMFS,"Classmate Drawing Book - Unruled, 40 Pages, 210 mm x 297 mm - Pack Of 4",Office Products,Office Paper Products,120.0,120.0,0,0.0,4.5,4951
B08498H13H,"HP GK320 Wired Full Size RGB Backlight Mechanical Gaming Keyboard, 4 LED Indi...",Computers & Accessories,Accessories & Peripherals,1519.0,3499.0,57,1980.0,4.3,408
B07LFQLKFZ,Parker Moments Vector Timecheck Gold Trim Roller Ball Pen (Black),Office Products,Office Paper Products,420.0,420.0,0,0.0,4.2,1926
B00LY17RHI,Camlin Elegante Fountain Pen - Black/Blue/Red,Office Products,Office Paper Products,225.0,225.0,0,0.0,4.1,4798
B07W14CHV8,"CARECASE® Optical Bay 2nd Hard Drive Caddy, 9.5 mm CD/DVD Drive Slot for SSD...",Computers & Accessories,Accessories & Peripherals,199.0,799.0,75,600.0,4.1,7333
B09F5Z694W,Canon E4570 All-in-One Wi-Fi Ink Efficient Colour Printer with FAX/ADF/Duplex...,Computers & Accessories,"Printers,Inks & Accessories",8349.0,9625.0,13,1276.0,3.8,3652
B0B25LQQPC,"Crucial P3 500GB PCIe 3.0 3D NAND NVMe M.2 SSD, up to 3500MB/s - CT500P3SSD8",Computers & Accessories,Components,3307.0,6100.0,46,2793.0,4.3,2515
B01LYLJ99X,HP v222w 64GB USB 2.0 Pen Drive (Silver),Computers & Accessories,External Devices & Data Storage,449.0,1300.0,65,851.0,4.2,4959
B014SZPBM4,"Duracell Ultra Alkaline D Battery, 2 Pcs",Electronics,General Purpose Batteries & Battery Chargers,380.0,400.0,5,20.0,4.4,2111
B08CZHGHKH,BESTOR® LCD Writing Tablet/pad 12 inches | Electronic Writing Scribble Board...,Computers & Accessories,Accessories & Peripherals,499.0,1399.0,64,900.0,3.9,1462
B0B2RBP83P,"Lenovo IdeaPad 3 11th Gen Intel Core i3 15.6"" FHD Thin & Light Laptop(8GB/512...",Computers & Accessories,Laptops,37247.0,59890.0,38,22643.0,4.0,323
B078W65FJ7,boAt BassHeads 900 On-Ear Wired Headphones with Mic (White),Electronics,"Headphones,Earbuds & Accessories",849.0,2490.0,66,1641.0,4.2,91188
B08S74GTBT,"Zebronics Astra 10 Portable Wireless BT v5.0 Speaker, 10W RMS Power, 15* Hour...",Electronics,Home Audio,799.0,1999.0,60,1200.0,3.7,418
B07QMRHWJD,SWAPKART Portable Flexible Adjustable Eye Protection USB LED Desk Light Table...,Computers & Accessories,Accessories & Peripherals,298.0,999.0,70,701.0,4.3,1552
B07W7Z6DVL,"Infinity (JBL Fuze 100, Wireless Portable Bluetooth Speaker with Mic, Deep Ba...",Electronics,Home Audio,1499.0,2999.0,50,1500.0,4.1,25262
B07WMS7TWB,Pigeon by Stovekraft Amaze Plus Electric Kettle (14289) with Stainless Steel...,Home & Kitchen,Kitchen & Home Appliances,649.0,1245.0,48,596.0,3.9,123365
B00H47GVGY,"USHA Quartz Room Heater with Overheating Protection (3002, Ivory, 800 Watts)",Home & Kitchen,"Heating,Cooling & Air Quality",1199.0,1695.0,29,496.0,3.6,13300
B07VX71FZP,Amazon Brand - Solimo 2000/1000 Watts Room Heater with Adjustable Thermostat...,Home & Kitchen,"Heating,Cooling & Air Quality",1199.0,2000.0,40,801.0,4.0,18543
B07NCKMXVZ,"StyleHouse Lint Remover for Woolen Clothes, Electric Lint Remover, Best Lint...",Home & Kitchen,Kitchen & Home Appliances,455.0,999.0,54,544.0,4.1,3578
B0B61DSF17,beatXP Kitchen Scale Multipurpose Portable Electronic Digital Weighing Scale...,Home & Kitchen,Kitchen & Home Appliances,199.0,1999.0,90,1800.0,3.7,2031
B07VQGVL68,Glun Multipurpose Portable Electronic Digital Weighing Scale Weight Machine (...,Home & Kitchen,Kitchen & Home Appliances,293.0,499.0,41,206.0,3.9,44994
B01LWYDEQ7,Pigeon Polypropylene Mini Handy and Compact Chopper with 3 Blades for Effortl...,Home & Kitchen,Kitchen & Dining,199.0,495.0,60,296.0,4.1,270563
B07VNFP3C2,"Prestige 1.5 Litre Kettle 1500-watts, Red",Home & Kitchen,Kitchen & Home Appliances,749.0,1245.0,40,496.0,3.9,31783
B00LUGTJGO,Bajaj RHX-2 800-Watt Room Heater (White),Home & Kitchen,"Heating,Cooling & Air Quality",1399.0,1549.0,10,150.0,3.9,2602
B01MQZ7J8K,"Prestige Electric Kettle PKOSS - 1500watts, Steel (1.5Ltr), Black",Home & Kitchen,Kitchen & Home Appliances,749.0,1445.0,48,696.0,3.9,63350
B01GFTEV5Y,Pigeon by Stovekraft Cruise 1800 watt Induction Cooktop (Black),Home & Kitchen,Kitchen & Home Appliances,1699.0,3193.0,47,1494.0,3.8,54032
B00NW4UWN6,Prestige PKGSS 1.7L 1500W Electric Kettle (Stainless Steel),Home & Kitchen,Kitchen & Home Appliances,1043.0,1345.0,22,302.0,3.8,15592
B01NCVJMKX,"SHOPTOSHOP Electric Lint Remover, Best Lint Shaver for Clothes,Lint Remover f...",Home & Kitchen,Kitchen & Home Appliances,499.0,999.0,50,500.0,4.1,4859
B00O24PUO6,Orpat OEH-1260 2000-Watt Fan Heater (Grey),Home & Kitchen,"Heating,Cooling & Air Quality",1464.0,1650.0,11,186.0,4.1,14120
B07GXPDLYQ,PRO365 Indo Mocktails/Coffee Foamer/Cappuccino/Lemonade/Milk Frother (6 Month...,Home & Kitchen,Kitchen & Home Appliances,249.0,499.0,50,250.0,3.3,8427
B01C8P29N0,Bajaj DX-6 1000W Dry Iron with Advance Soleplate and Anti-bacterial German Co...,Home & Kitchen,Kitchen & Home Appliances,625.0,1400.0,55,775.0,4.2,23316
B08KDBLMQP,"Croma 500W Mixer Grinder with 3 Stainless Steel Leak-proof Jars, 3 speed & Pu...",Home & Kitchen,Kitchen & Home Appliances,1290.0,2500.0,48,1210.0,4.0,6530
B078JDNZJ8,Havells Instanio 3-Litre Instant Geyser (White/Blue),Home & Kitchen,"Heating,Cooling & Air Quality",3600.0,6190.0,42,2590.0,4.3,11924
B01M5F614J,"Morphy Richards OFR Room Heater, 09 Fin 2000 Watts Oil Filled Room Heater , I...",Home & Kitchen,"Heating,Cooling & Air Quality",6549.0,13999.0,53,7450.0,4.0,2961
B083GKDRKR,Havells Aqua Plus 1.2 litre Double Wall Kettle / 304 Stainless Steel Inner Bo...,Home & Kitchen,Kitchen & Home Appliances,1625.0,2995.0,46,1370.0,4.5,23484
B097R2V1W8,"Bajaj Splendora 3 Litre 3KW IWH Instant Water Heater (Geyser), White",Home & Kitchen,"Heating,Cooling & Air Quality",2599.0,5890.0,56,3291.0,4.1,21783
B07YR26BJ3,KENT 16052 Elegant Electric Glass Kettle 1.8L 2000 W | Blue LED Illumination...,Home & Kitchen,Kitchen & Home Appliances,1199.0,2000.0,40,801.0,4.0,14030
B097R45BH8,Bajaj New Shakti Neo 15L Vertical Storage Water Heater (Geyser 15 litres) 4 S...,Home & Kitchen,"Heating,Cooling & Air Quality",5499.0,13150.0,58,7651.0,4.2,6398
B09X5C9VLK,"Lifelong LLMG23 Power Pro 500-Watt Mixer Grinder with 3 Jars (Liquidizing, We...",Home & Kitchen,Kitchen & Home Appliances,1299.0,3500.0,63,2201.0,3.8,44050
B01C8P29T4,Bajaj Majesty DX-11 1000W Dry Iron with Advance Soleplate and Anti-bacterial...,Home & Kitchen,Kitchen & Home Appliances,599.0,785.0,24,186.0,4.2,24247
B00HVXS7WC,"Bajaj Rex 500W Mixer Grinder with Nutri-Pro Feature, 3 Jars, White",Home & Kitchen,Kitchen & Home Appliances,1999.0,3210.0,38,1211.0,4.2,41349
B096YCN3SD,"Lifelong LLEK15 Electric Kettle 1.5L with Stainless Steel Body, Easy and Fast...",Home & Kitchen,Kitchen & Home Appliances,549.0,1000.0,45,451.0,3.6,1074
B09LQH3SD9,Lifelong LLQH922 Regalia 800 W (ISI Certified) Quartz Room Heater with 2 Powe...,Home & Kitchen,"Heating,Cooling & Air Quality",999.0,2000.0,50,1001.0,3.8,1163
B09KNMLH4Y,"R B Nova Lint/Fabric Shaver for Cloths, Lint Remover for Woolen Sweaters, Bla...",Home & Kitchen,Kitchen & Home Appliances,398.0,1999.0,80,1601.0,4.1,257
B00ABMASXG,"Bajaj Immersion Rod Water Heater 1500 Watts, Silver",Home & Kitchen,"Heating,Cooling & Air Quality",539.0,720.0,25,181.0,4.1,36017
B07QDSN9V6,INALSA Electric Kettle 1.5 Litre with Stainless Steel Body - Absa|Auto Shut O...,Home & Kitchen,Kitchen & Home Appliances,699.0,1595.0,56,896.0,4.1,8090
B00YMJ0OI8,Prestige PIC 20 1600 Watt Induction Cooktop with Push button (Black),Home & Kitchen,Kitchen & Home Appliances,2148.0,3645.0,41,1497.0,4.1,31388
B0B8XNPQPN,"Pigeon Healthifry Digital Air Fryer, 360° High Speed Air Circulation Technolo...",Home & Kitchen,Kitchen & Home Appliances,3599.0,7950.0,55,4351.0,4.2,136
B0814P4L98,"PrettyKrafts Laundry Basket for clothes with Lid & Handles, Toys Organiser, 7...",Home & Kitchen,Home Storage & Organization,351.0,999.0,65,648.0,4.0,5380
B008QTK47Q,Philips GC1905 1440-Watt Steam Iron with Spray (Blue),Home & Kitchen,Kitchen & Home Appliances,1614.0,1745.0,8,131.0,4.3,37974
B088ZTJT2R,Havells Immersion HB15 1500 Watt (White Blue),Home & Kitchen,"Heating,Cooling & Air Quality",719.0,1295.0,44,576.0,4.2,17218
B0BK1K598K,"AGARO LR2007 Lint Remover, Rechargeable, for Woolen Sweaters, Blankets, Jacke...",Home & Kitchen,Kitchen & Home Appliances,678.0,1499.0,55,821.0,4.2,900
B09Y5FZK9N,Pigeon 1.5 litre Hot Kettle and Stainless Steel Water Bottle Combo used for b...,Home & Kitchen,Kitchen & Home Appliances,809.0,1545.0,48,736.0,3.7,976
B09J2SCVQT,NutriPro Juicer Mixer Grinder - Smoothie Maker - 500 Watts (3 Jars 2 Blades),Home & Kitchen,Kitchen & Home Appliances,1969.0,5000.0,61,3031.0,4.1,4927
B00TDD0YM4,"Philips GC026/30 Fabric Shaver, Lint Remover for Woolen Sweaters, Blankets, J...",Home & Kitchen,Kitchen & Home Appliances,1490.0,1695.0,12,205.0,4.4,3543
B078KRFWQB,"Havells Cista Room Heater, White, 2000 Watts",Home & Kitchen,"Heating,Cooling & Air Quality",2499.0,3945.0,37,1446.0,3.8,2732
B07SRM58TP,"AGARO Regal 800 Watts Handheld Vacuum Cleaner, Lightweight & Durable Body, Sm...",Home & Kitchen,Kitchen & Home Appliances,1665.0,2099.0,21,434.0,4.0,14368
B00EDJJ7FS,Philips Viva Collection HD4928/01 2100-Watt Induction Cooktop with Feather To...,Home & Kitchen,Kitchen & Home Appliances,3229.0,5295.0,39,2066.0,4.2,39724
B0832W3B7Q,Pigeon By Stovekraft ABS Plastic Acer Plus Induction Cooktop 1800 Watts With...,Home & Kitchen,Kitchen & Home Appliances,1799.0,3595.0,50,1796.0,3.8,9791
B07WNK1FFN,"AGARO Esteem Multi Kettle 1.2 Litre, 600W with 3 Heating Modes & Rapid Boil T...",Home & Kitchen,Kitchen & Home Appliances,1260.0,1699.0,26,439.0,4.2,2891
B009P2LK08,"Bajaj Minor 1000 Watts Radiant Room Heater (Steel, ISI Approved)",Home & Kitchen,"Heating,Cooling & Air Quality",749.0,1129.0,34,380.0,4.0,2446
B07DGD4Z4C,"Butterfly Jet Elite Mixer Grinder, 750W, 4 Jars (Grey)",Home & Kitchen,Kitchen & Home Appliances,3499.0,5795.0,40,2296.0,3.9,25340
B07GMFY9QM,"SOFLIN Egg Boiler Electric Automatic Off 7 Egg Poacher for Steaming, Cooking,...",Home & Kitchen,Kitchen & Home Appliances,379.0,999.0,62,620.0,4.3,3096
B0BGPN4GGH,Lifelong LLQH925 Dyno Quartz Heater 2 Power settings Tip Over Cut-off Switch...,Home & Kitchen,"Heating,Cooling & Air Quality",1099.0,2400.0,54,1301.0,3.8,4
B0B2DZ5S6R,"Amazon Basics 1500 W Electric Kettle (Stainless Steel Body, 1.5 L)",Home & Kitchen,Kitchen & Home Appliances,749.0,1299.0,42,550.0,4.0,119
B07S851WX5,"Prestige Sandwich Maker PGMFD 01, Black",Home & Kitchen,Kitchen & Home Appliances,1299.0,1299.0,0,0.0,4.2,40106
B01MY839VW,"Orient Electric Fabrijoy DIFJ10BP 1000-Watt Dry Iron, Non-Stick (White and Blue)",Home & Kitchen,Kitchen & Home Appliances,549.0,1090.0,50,541.0,4.2,13029
B09LV1CMGH,"Lifelong LLFH921 Regalia 2000 W Fan Heater, 3 Air Settings, Room Heater with...",Home & Kitchen,"Heating,Cooling & Air Quality",899.0,2000.0,55,1101.0,3.6,291
B01EY310UM,"Philips GC181 Heavy Weight 1000-Watt Dry Iron, Pack of 1",Home & Kitchen,Kitchen & Home Appliances,1321.0,1545.0,14,224.0,4.3,15453
B09NL7LBWT,"Bulfyss USB Rechargeable Lint Remover Fabric Shaver Pet Hair Remover, Effecti...",Home & Kitchen,Kitchen & Home Appliances,1099.0,1999.0,45,900.0,4.0,604
B008YW8M0G,Bajaj DX-7 1000W Dry Iron with Advance Soleplate and Anti-bacterial German Co...,Home & Kitchen,Kitchen & Home Appliances,775.0,875.0,11,100.0,4.2,46647
B097R3XH9R,Bajaj New Shakti Neo 25L Vertical Storage Water Heater (Geyser 25 Litres) 4 S...,Home & Kitchen,"Heating,Cooling & Air Quality",6299.0,15270.0,59,8971.0,4.1,3233
B08TM71L54,"PHILIPS Handheld Garment Steamer STH3000/20 - Compact & Foldable, Convenient...",Home & Kitchen,Kitchen & Home Appliances,3190.0,4195.0,24,1005.0,4.0,1282
B0BPBXNQQT,Room Heater Warmer Wall-Outlet 400 Watts Electric Handy Room Heater (Room Hea...,Home & Kitchen,"Heating,Cooling & Air Quality",799.0,1989.0,60,1190.0,4.3,70
B00W56GLOQ,"Wonderchef Nutri-blend Mixer, Grinder & Blender | Powerful 400W 22000 RPM mot...",Home & Kitchen,Kitchen & Home Appliances,2699.0,5000.0,46,2301.0,4.0,26164
B0883KDSXC,USHA Armor AR1100WB 1100 W Dry Iron with Black Weilburger Soleplate (Purple),Home & Kitchen,Kitchen & Home Appliances,599.0,990.0,39,391.0,3.9,16166
B078V8R9BS,Butterfly EKN 1.5-Litre Electric Kettle (Silver with Black),Home & Kitchen,Kitchen & Home Appliances,749.0,1111.0,33,362.0,4.2,35693
B08GSQXLJ2,Crompton Arno Neo 15-L 5 Star Rated Storage Water Heater (Geyser) with Advanc...,Home & Kitchen,"Heating,Cooling & Air Quality",6199.0,10400.0,40,4201.0,4.1,14391
B01M5B0TPW,Borosil Chef Delite BCH20DBB21 300-Watt Chopper (Black),Home & Kitchen,Kitchen & Home Appliances,1819.0,2490.0,27,671.0,4.4,7946
B082KVTRW8,KENT 16055 Amaze Cool Touch Electric Kettle 1.8 L 1500 W | Plastic Outer & St...,Home & Kitchen,Kitchen & Home Appliances,1199.0,1900.0,37,701.0,4.0,1765
B08CFJBZRK,Prestige IRIS Plus 750 watt mixer grinder,Home & Kitchen,Kitchen & Home Appliances,3249.0,6295.0,48,3046.0,3.8,14062
B07H3WDC4X,"Simxen Egg Boiler Electric Automatic Off 7 Egg Poacher for Steaming, Cooking...",Home & Kitchen,Kitchen & Home Appliances,349.0,999.0,65,650.0,4.0,15646
B09ZTZ9N3Q,Amazon Basics 2000/1000 Watt Room Heater with Adjustable Thermostat (ISI cert...,Home & Kitchen,"Heating,Cooling & Air Quality",1049.0,1699.0,38,650.0,3.1,111
B083P71WKK,"HealthSense Weight Machine for Kitchen, Kitchen Food Weighing Scale for Healt...",Home & Kitchen,Kitchen & Home Appliances,799.0,1500.0,47,701.0,4.3,9695
B097R4D42G,Bajaj New Shakti Neo 10L Vertical Storage Water Heater (Geyser 10 Litres) 4 S...,Home & Kitchen,"Heating,Cooling & Air Quality",4999.0,9650.0,48,4651.0,4.2,1772
B07MKMFKPG,Bosch Pro 1000W Mixer Grinder MGM8842MIN - Black,Home & Kitchen,Kitchen & Home Appliances,6999.0,10590.0,34,3591.0,4.4,11499
B0949FPSFY,Bulfyss Stainless Steel Digital Kitchen Weighing Scale & Food Weight Machine...,Home & Kitchen,Kitchen & Home Appliances,799.0,1999.0,60,1200.0,4.1,2162
B08F47T4X5,"VR 18 Pcs - 3 Different Size Plastic Food Snack Bag Pouch Clip Sealer Large,...",Home & Kitchen,Kitchen & Home Appliances,89.0,89.0,0,0.0,4.2,19621
B01M0505SJ,Orient Electric Apex-FX 1200mm Ultra High Speed 400 RPM Ceiling Fan (Brown),Home & Kitchen,"Heating,Cooling & Air Quality",1400.0,2485.0,44,1085.0,4.1,19998
B08D6RCM3Q,"PrettyKrafts Folding Laundry Basket for Clothes with Lid & Handle, Toys Organ...",Home & Kitchen,Home Storage & Organization,355.0,899.0,61,544.0,4.1,1051
B009P2LITG,"Bajaj Majesty RX11 2000 Watts Heat Convector Room Heater (White, ISI Approved)",Home & Kitchen,"Heating,Cooling & Air Quality",2169.0,3279.0,34,1110.0,4.1,1716
B00V9NHDI4,Eureka Forbes Trendy Zip 1000 Watts powerful suction vacuum cleaner with resu...,Home & Kitchen,Kitchen & Home Appliances,2799.0,3799.0,26,1000.0,3.9,32931
B07WGPBXY9,Pigeon by Stovekraft Quartz Electric Kettle (14299) 1.7 Litre with Stainless...,Home & Kitchen,Kitchen & Home Appliances,899.0,1249.0,28,350.0,3.9,17424
B00KRCBA6E,Maharaja Whiteline Lava Neo 1200-Watts Halogen Heater (White and Red),Home & Kitchen,"Heating,Cooling & Air Quality",2499.0,5000.0,50,2501.0,3.8,1889
B0B3X2BY3M,Crompton Gracee 5-L Instant Water Heater (Geyser),Home & Kitchen,"Heating,Cooling & Air Quality",3599.0,7299.0,51,3700.0,4.0,10324
B00F159RIK,Bajaj DX-2 600W Dry Iron with Advance Soleplate and Anti-bacterial German Coa...,Home & Kitchen,Kitchen & Home Appliances,499.0,625.0,20,126.0,4.2,5355
B08MV82R99,Bajaj Waterproof 1500 Watts Immersion Rod Heater,Home & Kitchen,"Heating,Cooling & Air Quality",653.0,1020.0,36,367.0,4.1,3366
B09VKWGZD7,"AGARO Supreme High Pressure Washer, 1800 Watts, 120 Bars, 6.5L/Min Flow Rate,...",Home & Kitchen,Kitchen & Home Appliances,4789.0,8990.0,47,4201.0,4.3,1017
B009P2LK80,"Bajaj Deluxe 2000 Watts Halogen Room Heater (Steel, ISI Approved), Multicolor",Home & Kitchen,"Heating,Cooling & Air Quality",1409.0,1639.0,14,230.0,3.7,787
B00A7PLVU6,Orpat HHB-100E WOB 250-Watt Hand Blender (White),Home & Kitchen,Kitchen & Home Appliances,753.0,899.0,16,146.0,4.2,18462
B0B25DJ352,"GILTON Egg Boiler Electric Automatic Off 7 Egg Poacher for Steaming, Cooking...",Home & Kitchen,Kitchen & Home Appliances,353.0,1199.0,71,846.0,4.3,629
B013B2WGT6,HealthSense Chef-Mate KS 33 Digital Kitchen Weighing Scale & Food Weight Mach...,Home & Kitchen,Kitchen & Home Appliances,1099.0,1899.0,42,800.0,4.3,15276
B097RJ867P,"PHILIPS Digital Air Fryer HD9252/90 with Touch Panel, uses up to 90% less fat...",Home & Kitchen,Kitchen & Home Appliances,8799.0,11595.0,24,2796.0,4.4,2981
B091V8HK8Z,"Milton Go Electro 2.0 Stainless Steel Electric Kettle, 1 Piece, 2 Litres, Sil...",Home & Kitchen,Kitchen & Home Appliances,1345.0,1750.0,23,405.0,3.8,2466
B071VNHMX2,Philips Daily Collection HD2582/00 830-Watt 2-Slice Pop-up Toaster (White),Home & Kitchen,Kitchen & Home Appliances,2095.0,2095.0,0,0.0,4.5,7949
B08MVSGXMY,Crompton Insta Comfy 800 Watt Room Heater with 2 Heat Settings(Grey Blue),Home & Kitchen,"Heating,Cooling & Air Quality",1498.0,2300.0,35,802.0,3.8,95
B00H0B29DI,USHA Heat Convector 812 T 2000-Watt with Instant Heating Feature (Black),Home & Kitchen,"Heating,Cooling & Air Quality",2199.0,2990.0,26,791.0,3.8,1558
B01GZSQJPA,"Philips HL7756/00 Mixer Grinder, 750W, 3 Jars (Black)",Home & Kitchen,Kitchen & Home Appliances,3699.0,4295.0,14,596.0,4.1,26543
B08VGFX2B6,Kuber Industries Waterproof Round Non Wovan Laundry Bag/Hamper|Metalic Printe...,Home & Kitchen,Home Storage & Organization,177.0,199.0,11,22.0,4.1,3688
B09GYBZPHF,"Lifelong LLMG93 500 Watt Duos Mixer Grinder, 2 Stainless Steel Jar (Liquidizi...",Home & Kitchen,Kitchen & Home Appliances,1149.0,2499.0,54,1350.0,3.8,4383
B0B4KPCBSH,IKEA Frother for Milk,Home & Kitchen,Kitchen & Home Appliances,244.0,499.0,51,255.0,3.3,478
B09CGLY5CX,Crompton Insta Comfort Heater 2000 Watts Heat Convector with Adjustable Therm...,Home & Kitchen,"Heating,Cooling & Air Quality",1959.0,2400.0,18,441.0,4.0,237
B09JN37WBX,Lint Remover Woolen Clothes Lint Extractor Battery Lint Removing Machine Bhur...,Home & Kitchen,Kitchen & Home Appliances,319.0,749.0,57,430.0,4.6,124
B01I1LDZGA,Pigeon Kessel Multipurpose Kettle (12173) 1.2 litres with Stainless Steel Bod...,Home & Kitchen,Kitchen & Home Appliances,1499.0,1775.0,16,276.0,3.9,14667
B0BN2576GQ,"C (DEVICE) Lint Remover for Woolen Clothes, Electric Lint Remover, Best Lint...",Home & Kitchen,Kitchen & Home Appliances,469.0,1599.0,71,1130.0,3.7,6
B06XPYRWV5,Pigeon by Stovekraft 2 Slice Auto Pop up Toaster. A Smart Bread Toaster for Y...,Home & Kitchen,Kitchen & Home Appliances,1099.0,1795.0,39,696.0,4.2,4244
B01N1XVVLC,"Bajaj OFR Room Heater, 13 Fin 2900 Watts Oil Filled Room Heater with 400W PTC...",Home & Kitchen,"Heating,Cooling & Air Quality",9590.0,15999.0,40,6409.0,4.1,1017
B00O2R38C4,"Luminous Vento Deluxe 150 mm Exhaust Fan for Kitchen, Bathroom with Strong Ai...",Home & Kitchen,"Heating,Cooling & Air Quality",999.0,1490.0,33,491.0,4.1,12999
B0B2CZTCL2,Wipro Vesta 1.8 litre Cool touch electric Kettle with Auto cut off | Double L...,Home & Kitchen,Kitchen & Home Appliances,1299.0,1999.0,35,700.0,3.8,311
B00PVT30YI,"Kitchen Mart Stainless Steel South Indian Filter Coffee Drip Maker, Madras Ka...",Home & Kitchen,Kitchen & Home Appliances,292.0,499.0,41,207.0,4.1,4238
B00SH18114,Ikea 903.391.72 Polypropylene Plastic Solid Bevara Sealing Clip (Multicolour)...,Home & Kitchen,Kitchen & Home Appliances,160.0,299.0,46,139.0,4.6,2781
B00E9G8KOY,HUL Pureit Germkill kit for Classic 23 L water purifier - 1500 L Capacity,Home & Kitchen,Kitchen & Home Appliances,600.0,600.0,0,0.0,4.1,10907
B00H3H03Q4,HUL Pureit Germkill kit for Classic 23 L water purifier - 3000 L Capacity,Home & Kitchen,Kitchen & Home Appliances,1130.0,1130.0,0,0.0,4.2,13250
B0756K5DYZ,Prestige Iris 750 Watt Mixer Grinder with 3 Stainless Steel Jar + 1 Juicer Ja...,Home & Kitchen,Kitchen & Home Appliances,3249.0,6295.0,48,3046.0,3.9,43070
B0188KPKB2,"Preethi Blue Leaf Diamond MG-214 mixer grinder 750 watt (Blue/White), 3 jars...",Home & Kitchen,Kitchen & Home Appliances,3599.0,9455.0,62,5856.0,4.1,11828
B091KNVNS9,Themisto 350 Watts Egg Boiler-Blue,Home & Kitchen,Kitchen & Home Appliances,368.0,699.0,47,331.0,4.1,1240
B075JJ5NQC,"Butterfly Smart Mixer Grinder, 750W, 4 Jars (Grey)",Home & Kitchen,Kitchen & Home Appliances,3199.0,4999.0,36,1800.0,4.0,20869
B0B5KZ3C53,"KENT Smart Multi Cooker Cum Kettle 1.2 Liter 800 Watts, Electric Cooker with...",Home & Kitchen,Kitchen & Home Appliances,1599.0,2900.0,45,1301.0,3.7,441
B09NTHQRW3,"InstaCuppa Portable Blender for Smoothie, Milk Shakes, Crushing Ice and Juice...",Home & Kitchen,Kitchen & Home Appliances,1999.0,2499.0,20,500.0,4.1,1034
B008YW3CYM,USHA EI 1602 1000 W Lightweight Dry Iron with Non-Stick Soleplate (Multi-colour),Home & Kitchen,Kitchen & Home Appliances,616.0,1190.0,48,574.0,4.1,37126
B07QHHCB27,KENT 16044 Hand Blender Stainless Steel 400 W | Variable Speed Control | Easy...,Home & Kitchen,Kitchen & Home Appliances,1499.0,2100.0,29,601.0,4.1,6355
B0BMFD94VD,White Feather Portable Heat Sealer Mini Sealing Machine for Food Storage Vacu...,Home & Kitchen,Kitchen & Home Appliances,199.0,499.0,60,300.0,3.3,12
B00HZIOGXW,Crompton IHL 152 1500-Watt Immersion Water Heater with Copper Heating Element...,Home & Kitchen,"Heating,Cooling & Air Quality",610.0,825.0,26,215.0,4.1,13165
B09CKSYBLR,"InstaCuppa Rechargeable Mini Electric Chopper - Stainless Steel Blades, One T...",Home & Kitchen,Kitchen & Home Appliances,999.0,1499.0,33,500.0,4.1,1646
B072J83V9W,Philips PowerPro FC9352/01 Compact Bagless Vacuum Cleaner (Blue),Home & Kitchen,Kitchen & Home Appliances,8999.0,9995.0,10,996.0,4.4,17994
B09MTLG4TP,SAIELLIN Electric Lint Remover for Clothes Fabric Shaver Lint Shaver for Wool...,Home & Kitchen,Kitchen & Home Appliances,453.0,999.0,55,546.0,4.3,610
B097XJQZ8H,"Cookwell Bullet Mixer Grinder (5 Jars, 3 Blades, Silver)",Home & Kitchen,Kitchen & Home Appliances,2464.0,6000.0,59,3536.0,4.1,8866
B00935MD1C,Prestige PRWO 1.8-2 700-Watts Delight Electric Rice Cooker with 2 Aluminium C...,Home & Kitchen,Kitchen & Home Appliances,2719.0,3945.0,31,1226.0,3.7,13406
B0BR4F878Q,Swiffer Instant Electric Water Heater Faucet Tap Home-Kitchen Instantaneous W...,Home & Kitchen,"Heating,Cooling & Air Quality",1439.0,1999.0,28,560.0,4.8,53803
B0B3G5XZN5,"InstaCuppa Portable Blender for Smoothie, Milk Shakes, Crushing Ice and Juice...",Home & Kitchen,Kitchen & Home Appliances,2799.0,3499.0,20,700.0,4.5,546
B07WKB69RS,"Lifelong LLWH106 Flash 3 Litres Instant Water Heater for Home Use, 8 Bar Pres...",Home & Kitchen,"Heating,Cooling & Air Quality",2088.0,5550.0,62,3462.0,4.0,5292
B09DL9978Y,Hindware Atlantic Compacto 3 Litre Instant water heater with Stainless Steel...,Home & Kitchen,"Heating,Cooling & Air Quality",2399.0,4590.0,48,2191.0,4.1,444
B06XMZV7RH,ATOM Selves-MH 200 GM Digital Pocket Scale,Home & Kitchen,Kitchen & Home Appliances,308.0,499.0,38,191.0,3.9,4584
B09WMTJPG7,Crompton InstaBliss 3-L Instant Water Heater (Geyser) with Advanced 4 Level S...,Home & Kitchen,"Heating,Cooling & Air Quality",2599.0,4400.0,41,1801.0,4.1,14947
B09ZK6THRR,"Croma 1100 W Dry Iron with Weilburger Dual Soleplate Coating (CRSHAH702SIR11,...",Home & Kitchen,Kitchen & Home Appliances,479.0,1000.0,52,521.0,4.2,1559
B07MP21WJD,"Lint Roller with 40 Paper Sheets, 22 x 5 cm (Grey)",Home & Kitchen,Kitchen & Home Appliances,245.0,299.0,18,54.0,4.1,1660
B09XB1R2F3,Portable Lint Remover Pet Fur Remover Clothes Fuzz Remover Pet Hairball Quick...,Home & Kitchen,Kitchen & Home Appliances,179.0,799.0,78,620.0,3.5,132
B08Y5QJXSR,atomberg Renesa 1200mm BLDC Motor with Remote 3 Blade Energy Saving Ceiling F...,Home & Kitchen,"Heating,Cooling & Air Quality",3569.0,5190.0,31,1621.0,4.3,28629
B07WJXCTG9,Pigeon by Stovekraft Amaze Plus Electric Kettle (14313) with Stainless Steel...,Home & Kitchen,Kitchen & Home Appliances,699.0,1345.0,48,646.0,3.9,8446
B09NBZ36F7,Usha CookJoy (CJ1600WPC) 1600 Watt Induction cooktop (Black),Home & Kitchen,Kitchen & Home Appliances,2089.0,4000.0,48,1911.0,4.2,11199
B0912WJ87V,"Reffair AX30 [MAX] Portable Air Purifier for Car, Home & Office | Smart Ioniz...",Car & Motorbike,Car Accessories,2339.0,4000.0,42,1661.0,3.8,1118
B0BMTZ4T1D,!!1000 Watt/2000-Watt Room Heater!! Fan Heater!!Pure White!!HN-2500!!Made in...,Home & Kitchen,"Heating,Cooling & Air Quality",784.0,1599.0,51,815.0,4.5,11
B07Z51CGGH,"Eureka Forbes Wet & Dry Ultimo 1400 Watts Multipurpose Vacuum Cleaner,Power S...",Home & Kitchen,Kitchen & Home Appliances,5499.0,9999.0,45,4500.0,3.8,4353
B0BDG6QDYD,Activa Heat-Max 2000 Watts Room Heater (White color ) with ABS body,Home & Kitchen,"Heating,Cooling & Air Quality",899.0,1990.0,55,1091.0,4.1,185
B00YQLG7GK,"PHILIPS HL1655/00 Hand Blender, White Jar 250W",Home & Kitchen,Kitchen & Home Appliances,1695.0,1695.0,0,0.0,4.2,14290
B00SMJPA9C,Bajaj DX-2 600W Dry Iron with Advance Soleplate and Anti-Bacterial German Coa...,Home & Kitchen,Kitchen & Home Appliances,499.0,940.0,47,441.0,4.1,3036
B0B9RN5X8B,V-Guard Zio Instant Water Geyser | 3 Litre | 3000 W Heating | White-Blue | |...,Home & Kitchen,"Heating,Cooling & Air Quality",2699.0,4700.0,43,2001.0,4.2,1296
B08QW937WV,Homeistic Applience™ Instant Electric Water Heater Faucet Tap For Kitchen And...,Home & Kitchen,"Heating,Cooling & Air Quality",1448.0,2999.0,52,1551.0,4.5,19
B0B4PPD89B,Kitchenwell 18Pc Plastic Food Snack Bag Pouch Clip Sealer for Keeping Food Fr...,Home & Kitchen,Kitchen & Home Appliances,79.0,79.0,0,0.0,4.0,97
B08GM5S4CQ,Havells Instanio 10 Litre Storage Water Heater with Flexi Pipe and Free insta...,Home & Kitchen,"Heating,Cooling & Air Quality",6990.0,14290.0,51,7300.0,4.4,1771
B00NM6MO26,Prestige PIC 16.0+ 1900W Induction Cooktop with Soft Touch Push Buttons (Black),Home & Kitchen,Kitchen & Home Appliances,2698.0,3945.0,32,1247.0,4.0,15034
B083M7WPZD,"AGARO 33398 Rapid 1000-Watt, 10-Litre Wet & Dry Vacuum Cleaner, with Blower F...",Home & Kitchen,Kitchen & Home Appliances,3199.0,5999.0,47,2800.0,4.0,3242
B07GLSKXS1,KENT 16026 Electric Kettle Stainless Steel 1.8 L | 1500W | Superfast Boiling...,Home & Kitchen,Kitchen & Home Appliances,1199.0,1950.0,39,751.0,3.9,2832
B09F6KL23R,SKYTONE Stainless Steel Electric Meat Grinders with Bowl 700W Heavy for Kitch...,Home & Kitchen,Kitchen & Home Appliances,1414.0,2799.0,49,1385.0,4.0,1498
B094G9L9LT,KENT 16088 Vogue Electric Kettle 1.8 Litre 1500 W | Stainless Steel body | Au...,Home & Kitchen,Kitchen & Home Appliances,999.0,1950.0,49,951.0,3.8,305
B09FZ89DK6,"Eureka Forbes Supervac 1600 Watts Powerful Suction,bagless Vacuum Cleaner wit...",Home & Kitchen,Kitchen & Home Appliances,5999.0,9999.0,40,4000.0,4.2,1191
B0811VCGL5,"Mi Air Purifier 3 with True HEPA Filter, removes air pollutants, smoke, odor,...",Home & Kitchen,"Heating,Cooling & Air Quality",9970.0,12999.0,23,3029.0,4.3,4049
B07FXLC2G2,"Tata Swach Bulb 6000-Litre Cartridge, 1 Piece, White, Hollow Fiber Membrane",Home & Kitchen,Kitchen & Home Appliances,698.0,699.0,0,1.0,4.2,3160
B01LYU3BZF,Havells Ambrose 1200mm Ceiling Fan (Gold Mist Wood),Home & Kitchen,"Heating,Cooling & Air Quality",2199.0,3190.0,31,991.0,4.3,9650
B083RC4WFJ,"PrettyKrafts Laundry Bag / Basket for Dirty Clothes, Folding Round Laundry Ba...",Home & Kitchen,Home Storage & Organization,320.0,799.0,60,479.0,4.2,3846
B09SFRNKSR,"FABWARE Lint Remover for Clothes - Sticky Lint Roller for Clothes, Furniture,...",Home & Kitchen,Kitchen & Home Appliances,298.0,499.0,40,201.0,4.4,290
B07NRTCDS5,Brayden Fito Atom Rechargeable Smoothie Blender with 2000 mAh Battery and 3.7...,Home & Kitchen,Kitchen & Home Appliances,1199.0,1499.0,20,300.0,3.8,2206
B07SPVMSC6,Bajaj Frore 1200 mm Ceiling Fan (Brown),Home & Kitchen,"Heating,Cooling & Air Quality",1399.0,2660.0,47,1261.0,4.1,9349
B09H3BXWTK,"Venus Digital Kitchen Weighing Scale & Food Weight Machine for Health, Fitnes...",Home & Kitchen,Kitchen & Home Appliances,599.0,2799.0,79,2200.0,3.9,578
B0073QGKAS,Bajaj ATX 4 750-Watt Pop-up Toaster (White),Home & Kitchen,Kitchen & Home Appliances,1499.0,1499.0,0,0.0,4.3,9331
B08GJ57MKL,"Coway Professional Air Purifier for Home, Longest Filter Life 8500 Hrs, Green...",Home & Kitchen,"Heating,Cooling & Air Quality",14400.0,59900.0,76,45500.0,4.4,3837
B009DA69W6,KENT Gold Optima Gravity Water Purifier (11016) | UF Technology Based | Non-E...,Home & Kitchen,Kitchen & Home Appliances,1699.0,1900.0,11,201.0,3.6,11456
B099PR2GQJ,HOMEPACK 750W Radiant Room Home Office Heaters For Winter,Home & Kitchen,"Heating,Cooling & Air Quality",649.0,999.0,35,350.0,3.8,49
B08G8H8DPL,"Bajaj Rex 750W Mixer Grinder with Nutri Pro Feature, 4 Jars, White",Home & Kitchen,Kitchen & Home Appliances,3249.0,6375.0,49,3126.0,4.0,4978
B08VGM3YMF,Heart Home Waterproof Round Non Wovan Laundry Bag/Hamper|Metalic Printed With...,Home & Kitchen,Home Storage & Organization,199.0,499.0,60,300.0,4.1,1996
B08TTRVWKY,"MILTON Smart Egg Boiler 360-Watts (Transparent and Silver Grey), Boil Up to 7...",Home & Kitchen,Kitchen & Home Appliances,1099.0,1899.0,42,800.0,4.3,1811
B07T4D9FNY,"iBELL SEK15L Premium 1.5 Litre Stainless Steel Electric Kettle,1500W Auto Cut...",Home & Kitchen,Kitchen & Home Appliances,664.0,1490.0,55,826.0,4.0,2198
B07RX42D3D,Tosaa T2STSR Sandwich Gas Toaster Regular (Black),Home & Kitchen,Kitchen & Home Appliances,260.0,350.0,26,90.0,3.9,13127
B08WRKSF9D,V-Guard Divino 5 Star Rated 15 Litre Storage Water Heater (Geyser) with Advan...,Home & Kitchen,"Heating,Cooling & Air Quality",6499.0,8500.0,24,2001.0,4.4,5865
B09R83SFYV,Akiara® - Makes life easy Mini Sewing Machine with Table Set | Tailoring Mach...,Home & Kitchen,Kitchen & Home Appliances,1484.0,2499.0,41,1015.0,3.7,1067
B07989VV5K,"Usha Steam Pro SI 3713, 1300 W Steam Iron, Powerful steam Output up to 18 g/m...",Home & Kitchen,Kitchen & Home Appliances,999.0,1560.0,36,561.0,3.6,4881
B07FL3WRX5,"Wonderchef Nutri-blend Complete Kitchen Machine | 22000 RPM Mixer Grinder, Bl...",Home & Kitchen,Kitchen & Home Appliances,3299.0,6500.0,49,3201.0,3.7,11217
B0BPCJM7TB,WIDEWINGS Electric Handheld Milk Wand Mixer Frother for Latte Coffee Hot Milk...,Home & Kitchen,Kitchen & Home Appliances,259.0,999.0,74,740.0,4.0,43
B08H673XKN,"Morphy Richards Icon Superb 750W Mixer Grinder, 4 Jars, Silver and Black",Home & Kitchen,Kitchen & Home Appliances,3249.0,7795.0,58,4546.0,4.2,4664
B07DXRGWDJ,"Philips Handheld Garment Steamer GC360/30 - Vertical & Horizontal Steaming, 1...",Home & Kitchen,Kitchen & Home Appliances,4280.0,5995.0,29,1715.0,3.8,2112
B08243SKCK,Vedini Transparent Empty Refillable Reusable Fine Mist Spray Bottle for Perfu...,Home & Kitchen,Home Storage & Organization,189.0,299.0,37,110.0,4.2,2737
B09SPTNG58,Crompton Sea Sapphira 1200 mm Ultra High Speed 3 Blade Ceiling Fan (Lustre Br...,Home & Kitchen,"Heating,Cooling & Air Quality",1449.0,2349.0,38,900.0,3.9,9019
B083J64CBB,Kuber Industries Waterproof Canvas Laundry Bag/Hamper|Metalic Printed With Ha...,Home & Kitchen,Home Storage & Organization,199.0,499.0,60,300.0,4.0,10234
B08JV91JTK,JM SELLER 180 W 2021 Edition Electric Beater High Speed Hand Mixer Egg Beater...,Home & Kitchen,Kitchen & Home Appliances,474.0,1299.0,64,825.0,4.1,550
B0BQ3K23Y1,"Oratech Coffee Frother electric, milk frother electric, coffee beater, cappuc...",Home & Kitchen,Kitchen & Home Appliances,279.0,499.0,44,220.0,4.8,28
B09MT94QLL,"Havells Glaze 74W Pearl Ivory Gold Ceiling Fan, Sweep: 1200 Mm",Home & Kitchen,"Heating,Cooling & Air Quality",1999.0,4775.0,58,2776.0,4.2,1353
B07NKNBTT3,Pick Ur Needs® Lint Remover for Clothes High Range Rechargeable Lint Shaver f...,Home & Kitchen,Kitchen & Home Appliances,799.0,1230.0,35,431.0,4.1,2138
B09KPXTZXN,Rico Japanese Technology Rechargeable Wireless Electric Chopper with Replacem...,Home & Kitchen,Kitchen & Home Appliances,949.0,1999.0,53,1050.0,4.0,1679
B078HG2ZPS,"Butterfly Smart Wet Grinder, 2L (White) with Coconut Scrapper Attachment, Out...",Home & Kitchen,Kitchen & Home Appliances,3657.66,5156.0,29,1498.34,3.9,12837
B07N2MGB3G,"AGARO Marvel 9 Liters Oven Toaster Griller, Cake Baking OTG (Black)",Home & Kitchen,Kitchen & Home Appliances,1699.0,1999.0,15,300.0,4.1,8873
B008LN8KDM,Philips GC1920/28 1440-Watt Non-Stick Soleplate Steam Iron,Home & Kitchen,Kitchen & Home Appliances,1849.0,2095.0,12,246.0,4.3,7681
B08MZNT7GP,Havells OFR 13 Wave Fin with PTC Fan Heater 2900 Watts (Black),Home & Kitchen,"Heating,Cooling & Air Quality",12499.0,19825.0,37,7326.0,4.1,322
B009P2L7CO,Bajaj DHX-9 1000W Heavy Weight Dry Iron with Advance Soleplate and Anti-Bacte...,Home & Kitchen,Kitchen & Home Appliances,1099.0,1920.0,43,821.0,4.2,9772
B07YC8JHMB,"Aquasure From Aquaguard Amaze RO+UV+MTDS,7L storage water purifier,suitable f...",Home & Kitchen,Kitchen & Home Appliances,8199.0,16000.0,49,7801.0,3.9,18497
B0BNQMF152,ROYAL STEP Portable Electric USB Juice Maker Juicer Bottle Blender Grinder Mi...,Home & Kitchen,Kitchen & Home Appliances,499.0,2199.0,77,1700.0,3.7,53
B08J7VCT12,"KENT 16068 Zoom Vacuum Cleaner for Home and Car 130 W | Cordless, Hoseless, R...",Home & Kitchen,Kitchen & Home Appliances,6999.0,14999.0,53,8000.0,4.1,1728
B0989W6J2F,ENEM Sealing Machine | 12 Inch (300 mm) | 1 Year Warranty | Full Customer Sup...,Home & Kitchen,Kitchen & Home Appliances,1595.0,1799.0,11,204.0,4.0,2877
B0B84KSH3X,Wipro Vesta 1200 Watt GD203 Heavyweight Automatic Dry Iron| Quick Heat Up| An...,Home & Kitchen,Kitchen & Home Appliances,1049.0,1950.0,46,901.0,3.8,250
B08HLC7Z3G,Inalsa Electric Kettle Prism Inox - 1350 W with LED Illumination & Boro-Silic...,Home & Kitchen,Kitchen & Home Appliances,1182.0,2995.0,61,1813.0,4.2,5178
B0BN6M3TCM,"VRPRIME Lint Roller Lint Remover for Clothes, Pet | 360 Sheets Reusable Stick...",Home & Kitchen,Kitchen & Home Appliances,499.0,999.0,50,500.0,4.6,79
B01L6MT7E0,"Philips AC1215/20 Air purifier, removes 99.97% airborne pollutants, 4-stage f...",Home & Kitchen,"Heating,Cooling & Air Quality",8799.0,11995.0,27,3196.0,4.1,4157
B0B9F9PT8R,"Eopora PTC Ceramic Fast Heating Room Heater for Bedroom, 1500/1000 Watts Room...",Home & Kitchen,"Heating,Cooling & Air Quality",1529.0,2999.0,49,1470.0,3.3,29
B0883LQJ6B,"Usha Goliath GO1200WG Heavy Weight 1200-Watt Dry Iron, 1.8 Kg(Red)",Home & Kitchen,Kitchen & Home Appliances,1199.0,1690.0,29,491.0,4.2,4580
B099Z83VRC,"Wipro Vesta Electric Egg Boiler, 360 Watts, 3 Boiling Modes, Stainless Steel...",Home & Kitchen,Kitchen & Home Appliances,1052.0,1790.0,41,738.0,4.3,1404
B00S9BSJC8,Philips Viva Collection HR1832/00 1.5-Litre400-Watt Juicer (Ink Black),Home & Kitchen,Kitchen & Home Appliances,6499.0,8995.0,28,2496.0,4.3,2810
B0B4SJKRDF,Kitchenwell Multipurpose Portable Electronic Digital Weighing Scale Weight Ma...,Home & Kitchen,Kitchen & Home Appliances,239.0,239.0,0,0.0,4.3,7
B0BM4KTNL1,"FIGMENT Handheld Milk Frother Rechargeable, 3-Speed Electric Frother for Coff...",Home & Kitchen,Kitchen & Home Appliances,699.0,1599.0,56,900.0,4.7,1729
B08S6RKT4L,"Balzano High Speed Nutri Blender/Mixer/Smoothie Maker - 500 Watt - Silver, 2 Jar",Home & Kitchen,Kitchen & Home Appliances,2599.0,4290.0,39,1691.0,4.4,2116
B09SZ5TWHW,Swiss Military VC03 Wireless Car Vacuum Cleaner | Wireless Vacuum Cleaner for...,Home & Kitchen,Kitchen & Home Appliances,1547.0,2890.0,46,1343.0,3.9,463
B0BLC2BYPX,Zuvexa USB Rechargeable Electric Foam Maker - Handheld Milk Wand Mixer Frothe...,Home & Kitchen,Kitchen & Home Appliances,499.0,1299.0,62,800.0,4.7,54
B00P0R95EA,Usha IH2415 1500-Watt Immersion Heater (Silver),Home & Kitchen,"Heating,Cooling & Air Quality",510.0,640.0,20,130.0,4.1,7229
B07W4HTS8Q,ACTIVA Instant 3 LTR 3 KVA SPECIAL Anti Rust Coated Tank Geyser with Full ABS...,Home & Kitchen,"Heating,Cooling & Air Quality",1899.0,3790.0,50,1891.0,3.8,3842
B078JBK4GX,"Havells Instanio 1-Litre 3KW Instant Water Heater (Geyser), White Blue",Home & Kitchen,"Heating,Cooling & Air Quality",2599.0,4560.0,43,1961.0,4.4,646
B08S7V8YTN,"Lifelong 2-in1 Egg Boiler and Poacher 500-Watt (Transparent and Silver Grey),...",Home & Kitchen,Kitchen & Home Appliances,1199.0,3500.0,66,2301.0,4.3,1802
B07H5PBN54,INDIAS®™ Electro-Instant Water Geyser A.B.S. Body Shock Proof Can be Used in...,Home & Kitchen,"Heating,Cooling & Air Quality",999.0,2600.0,62,1601.0,3.4,252
B07YCBSCYB,AmazonBasics Induction Cooktop 1600 Watt (Black),Home & Kitchen,Kitchen & Home Appliances,1999.0,3300.0,39,1301.0,4.2,780
B098T9CJVQ,Sui Generis Electric Handheld Milk Wand Mixer Frother for Latte Coffee Hot Mi...,Home & Kitchen,Kitchen & Home Appliances,210.0,699.0,70,489.0,3.7,74
B01KCSGBU2,"Philips Air Purifier Ac2887/20,Vitashield Intelligent Purification,Long Hepa...",Home & Kitchen,"Heating,Cooling & Air Quality",14499.0,23559.0,38,9060.0,4.3,2026
B095XCRDQW,"Esquire Laundry Basket Brown, 50 Ltr Capacity(Plastic)",Home & Kitchen,Home Storage & Organization,950.0,1599.0,41,649.0,4.3,5911
B09CTWFV5W,"PHILIPS Air Fryer HD9200/90, uses up to 90% less fat, 1400W, 4.1 Liter, with...",Home & Kitchen,Kitchen & Home Appliances,7199.0,9995.0,28,2796.0,4.4,1964
B0B7NWGXS6,Havells Bero Quartz Heater Black 800w 2 Heat Settings 2 Year Product Warranty,Home & Kitchen,"Heating,Cooling & Air Quality",2439.0,2545.0,4,106.0,4.1,25
B07DZ986Q2,"Philips EasyTouch Plus Standing Garment Steamer GC523/60 - 1600 Watt, 5 Steam...",Home & Kitchen,Kitchen & Home Appliances,7799.0,8995.0,13,1196.0,4.0,3160
B07KKJPTWB,"Brayden Chopro, Electric Vegetable Chopper for Kitchen with 500 ML Capacity,...",Home & Kitchen,Kitchen & Home Appliances,1599.0,1999.0,20,400.0,4.4,1558
B071R3LHFM,"Wonderchef Nutri-blend Mixer, Grinder & Blender | Powerful 400W 22000 RPM mot...",Home & Kitchen,Kitchen & Home Appliances,2899.0,5500.0,47,2601.0,3.8,8958
B086X18Q71,Usha Janome Dream Stitch Automatic Zig-Zag Electric Sewing Machine with 14 St...,Home & Kitchen,Kitchen & Home Appliances,9799.0,12150.0,19,2351.0,4.3,13251
B07WVQG8WZ,Black+Decker Handheld Portable Garment Steamer 1500 Watts with Anti Calc (Vio...,Home & Kitchen,Kitchen & Home Appliances,3299.0,4995.0,34,1696.0,3.8,1393
B0BFBNXS94,"Personal Size Blender, Portable Blender, Battery Powered USB Blender, with Fo...",Home & Kitchen,Kitchen & Home Appliances,669.0,1499.0,55,830.0,2.3,13
B071113J7M,Sujata Powermatic Plus 900 Watts Juicer Mixer Grinder,Home & Kitchen,Kitchen & Home Appliances,5890.0,7506.0,22,1616.0,4.5,7241
B09YLWT89W,"Sure From Aquaguard Delight NXT RO+UV+UF+Taste Adjuster(MTDS),6L water purifi...",Home & Kitchen,Kitchen & Home Appliances,9199.0,18000.0,49,8801.0,4.0,16020
B0814LP6S9,"PrettyKrafts Laundry Basket for clothes with Lid & Handles, Toys Organiser, 7...",Home & Kitchen,Home Storage & Organization,351.0,1099.0,68,748.0,3.7,1470
B07BKSSDR2,Dr Trust Electronic Kitchen Digital Scale Weighing Machine (Blue),Health & Personal Care,Home Medical Supplies & Equipment,899.0,1900.0,53,1001.0,4.0,3663
B09VGS66FV,"Tesora - Inspired by you Large Premium Electric Kettle 1.8L, Stainless Steel...",Home & Kitchen,Kitchen & Home Appliances,1349.0,1850.0,27,501.0,4.4,638
B07RCGTZ4M,"AGARO Ace 1600 Watts, 21.5 kPa Suction Power, 21 litres Wet & Dry Stainless S...",Home & Kitchen,Kitchen & Home Appliances,6236.0,9999.0,38,3763.0,4.1,3552
B0747VDH9L,"INALSA Hand Blender 1000 Watt with Chopper, Whisker, 600 ml Multipurpose Jar|...",Home & Kitchen,Kitchen & Home Appliances,2742.0,3995.0,31,1253.0,4.4,11148
B08XLR6DSB,akiara - Makes life easy Electric Handy Sewing/Stitch Handheld Cordless Porta...,Home & Kitchen,Kitchen & Home Appliances,721.0,1499.0,52,778.0,3.1,2449
B08H6CZSHT,"Philips EasySpeed Plus Steam Iron GC2145/20-2200W, Quick Heat Up with up to 3...",Home & Kitchen,Kitchen & Home Appliances,2903.0,3295.0,12,392.0,4.3,2299
B07CVR2L5K,"INALSA Electric Chopper Bullet- 400 Watts with 100% Pure Copper Motor| Chop,...",Home & Kitchen,Kitchen & Home Appliances,1656.0,2695.0,39,1039.0,4.4,6027
B09J4YQYX3,"Borosil Electric Egg Boiler, 8 Egg Capacity, For Hard, Soft, Medium Boiled Eg...",Home & Kitchen,Kitchen & Home Appliances,1399.0,2290.0,39,891.0,4.4,461
B0B2DD8BQ8,Wipro Vesta Grill 1000 Watt Sandwich Maker |Dual function-SW Maker&Griller|No...,Home & Kitchen,Kitchen & Home Appliances,2079.0,3099.0,33,1020.0,4.1,282
B0123P3PWE,Rico IRPRO 1500 Watt Japanese Technology Electric Water Heater Immersion Rod...,Home & Kitchen,"Heating,Cooling & Air Quality",999.0,1075.0,7,76.0,4.1,9275
B08HDCWDXD,Eureka Forbes Active Clean 700 Watts Powerful Suction & Blower Vacuum Cleaner...,Home & Kitchen,Kitchen & Home Appliances,3179.0,6999.0,55,3820.0,4.0,743
B0836JGZ74,"CSI INTERNATIONAL® Instant Water Geyser, Water Heater, Portable Water Heater,...",Home & Kitchen,"Heating,Cooling & Air Quality",1049.0,2499.0,58,1450.0,3.6,328
B0BCKJJN8R,Hindware Atlantic Xceed 5L 3kW Instant Water Heater with Copper Heating Eleme...,Home & Kitchen,"Heating,Cooling & Air Quality",3599.0,7290.0,51,3691.0,3.9,942
B008P7IF02,Morphy Richards New Europa 800-Watt Espresso and Cappuccino 4-Cup Coffee Make...,Home & Kitchen,Kitchen & Home Appliances,4799.0,5795.0,17,996.0,3.9,3815
B08CNLYKW5,Lifelong Power - Pro 500 Watt 3 Jar Mixer Grinder with 3 Speed Control and 11...,Home & Kitchen,Kitchen & Home Appliances,1699.0,3398.0,50,1699.0,3.8,7988
B08C7TYHPB,"iBELL Castor CTEK15L Premium 1.5 Litre Stainless Steel Electric Kettle,1500W...",Home & Kitchen,Kitchen & Home Appliances,664.0,1490.0,55,826.0,4.1,925
B08VJFYH6N,"BAJAJ PYGMY MINI 110 MM 10 W HIGH SPEED OPERATION, USB CHARGING, MULTI-CLIP F...",Home & Kitchen,"Heating,Cooling & Air Quality",948.0,1620.0,41,672.0,4.1,4370
B08235JZFB,"Crompton InstaGlide 1000-Watts Dry Iron with American Heritage Coating, Pack...",Home & Kitchen,Kitchen & Home Appliances,850.0,1000.0,15,150.0,4.1,7619
B078XFKBZL,Prestige Clean Home Water Purifier Cartridge,Home & Kitchen,Kitchen & Home Appliances,600.0,640.0,6,40.0,3.8,2593
B01M265AAK,Morphy Richards Aristo 2000 Watts PTC Room Heater (White),Home & Kitchen,"Heating,Cooling & Air Quality",3711.0,4495.0,17,784.0,4.3,356
B0B694PXQJ,"Gadgetronics Digital Kitchen Weighing Scale & Food Weight Machine for Health,...",Home & Kitchen,Kitchen & Home Appliances,799.0,2999.0,73,2200.0,4.5,63
B00B3VFJY2,"HUL Pureit Germkill kit for Advanced 23 L water purifier - 3000 L Capacity, S...",Home & Kitchen,Kitchen & Home Appliances,980.0,980.0,0,0.0,4.2,4740
B08W9BK4MD,"Tom & Jerry Folding Laundry Basket for Clothes with Lid & Handle, Toys Organi...",Home & Kitchen,Home Storage & Organization,351.0,899.0,61,548.0,3.9,296
B09X5HD5T1,"Ikea Little Loved Corner PRODUKT Milk-frother, Coffee/Tea Frother, Handheld M...",Home & Kitchen,Kitchen & Home Appliances,229.0,499.0,54,270.0,3.5,185
B08H6B3G96,"Philips EasySpeed Plus Steam Iron GC2147/30-2400W, Quick Heat up with up to 3...",Home & Kitchen,Kitchen & Home Appliances,3349.0,3995.0,16,646.0,4.3,1954
B09N3BFP4M,Bajaj New Shakti Neo Plus 15 Litre 4 Star Rated Storage Water Heater (Geyser)...,Home & Kitchen,"Heating,Cooling & Air Quality",5499.0,11500.0,52,6001.0,3.9,959
B09DSQXCM8,House of Quirk Reusable Sticky Picker Cleaner Easy-Tear Sheets Travel Pet Hai...,Home & Kitchen,Kitchen & Home Appliances,299.0,499.0,40,200.0,3.9,1015
B01M69WCZ6,"Allin Exporters J66 Ultrasonic Humidifier Cool Mist Air Purifier for Dryness,...",Home & Kitchen,"Heating,Cooling & Air Quality",2249.0,3550.0,37,1301.0,4.0,3973
B0BM9H2NY9,Multifunctional 2 in 1 Electric Egg Boiling Steamer Egg Frying Pan Egg Boiler...,Home & Kitchen,Kitchen & Home Appliances,699.0,1599.0,56,900.0,4.7,2300
B099FDW2ZF,"Maharaja Whiteline Nano Carbon Neo, 500 Watts Room Heater (Black, White), Sta...",Home & Kitchen,"Heating,Cooling & Air Quality",1235.0,1499.0,18,264.0,4.1,203
B0B935YNR7,"KENT Electric Chopper-B for Kitchen 250 Watt | Chop, Mince, Puree, Whisk, 400...",Home & Kitchen,Kitchen & Home Appliances,1349.0,2999.0,55,1650.0,3.8,441
B07JGCGNDG,Crompton Amica 15-L 5 Star Rated Storage Water Heater (Geyser) with Free Inst...,Home & Kitchen,"Heating,Cooling & Air Quality",6800.0,11500.0,41,4700.0,4.1,10308
B07GWTWFS2,KENT 16025 Sandwich Grill 700W | Non-Toxic Ceramic Coating | Automatic Temper...,Home & Kitchen,Kitchen & Home Appliances,1699.0,1975.0,14,276.0,4.1,4716
B09KRHXTLN,Candes Gloster All in One Silent Blower Fan Room Heater Ideal for Small and M...,Home & Kitchen,"Heating,Cooling & Air Quality",1069.0,1699.0,37,630.0,3.9,313
B09H34V36W,Inalsa Electric Fan Heater Hotty - 2000 Watts Variable Temperature Control Co...,Home & Kitchen,"Heating,Cooling & Air Quality",1349.0,2495.0,46,1146.0,3.8,166
B09J2QCKKM,Havells Zella Flap Auto Immersion Rod 1500 Watts,Home & Kitchen,"Heating,Cooling & Air Quality",1499.0,3500.0,57,2001.0,4.1,303
B09XRBJ94N,iBELL SM1301 3-in-1 Sandwich Maker with Detachable Plates for Toast / Waffle...,Home & Kitchen,Kitchen & Home Appliances,2092.0,4600.0,55,2508.0,4.3,562
B07SLNG3LW,Inalsa Vacuum Cleaner Wet and Dry Micro WD10 with 3in1 Multifunction Wet/Dry/...,Home & Kitchen,Kitchen & Home Appliances,3859.0,10295.0,63,6436.0,3.9,8095
B0BNDGL26T,MR. BRAND Portable USB Juicer Electric USB Juice Maker Mixer Bottle Blender G...,Home & Kitchen,Kitchen & Home Appliances,499.0,2199.0,77,1700.0,2.8,109
B095PWLLY6,Crompton Hill Briz Deco 1200mm (48 inch) High Speed Designer Ceiling Fan (Smo...,Home & Kitchen,"Heating,Cooling & Air Quality",1804.0,2380.0,24,576.0,4.0,15382
B07Y9PY6Y1,"Sujata Powermatic Plus, Juicer Mixer Grinder with Chutney Jar, 900 Watts, 3 J...",Home & Kitchen,Kitchen & Home Appliances,6525.0,8820.0,26,2295.0,4.5,5137
B0BJ966M5K,Aquadpure Copper + Mineral RO+UV+UF 10 to 12 Liter RO + UV + TDS ADJUSTER Wat...,Home & Kitchen,Kitchen & Home Appliances,4999.0,24999.0,80,20000.0,4.6,124
B086GVRP63,Amazon Basics 650 Watt Drip Coffee Maker with Borosilicate Carafe,Home & Kitchen,Kitchen & Home Appliances,1189.0,2400.0,50,1211.0,4.1,618
B08MVXPTDG,Crompton Insta Delight Fan Circulator Room Heater with 3 Heat Settings (Slate...,Home & Kitchen,"Heating,Cooling & Air Quality",2590.0,4200.0,38,1610.0,4.1,63
B0BMZ6SY89,!!HANEUL!!1000 Watt/2000-Watt Room Heater!! Fan Heater!!Pure White!!HN-2500!!...,Home & Kitchen,"Heating,Cooling & Air Quality",899.0,1599.0,44,700.0,3.4,15
B09P1MFKG1,"Melbon VM-905 2000-Watt Room Heater (ISI Certified, White Color) Ideal Electr...",Home & Kitchen,"Heating,Cooling & Air Quality",998.0,2999.0,67,2001.0,4.6,9
B01LY9W8AF,"Cello Eliza Plastic Laundry Bag/Basket, 50 litres, Light Grey",Home & Kitchen,Home Storage & Organization,998.06,1282.0,22,283.94,4.2,7274
B07ZJND9B9,ACTIVA 1200 MM HIGH SPEED 390 RPM BEE APPROVED 5 STAR RATED APSRA CEILING FAN...,Home & Kitchen,"Heating,Cooling & Air Quality",1099.0,1990.0,45,891.0,3.9,5911
B0B2CWRDB1,Shakti Technology S5 High Pressure Car Washer Machine 1900 Watts and Pressure...,Home & Kitchen,Kitchen & Home Appliances,5999.0,9999.0,40,4000.0,4.2,170
B072NCN9M4,"AMERICAN MICRONIC- Imported Wet & Dry Vacuum Cleaner, 21 Litre Stainless Stee...",Home & Kitchen,Kitchen & Home Appliances,8886.0,11850.0,25,2964.0,4.2,3065
B08SKZ2RMG,"Demokrazy New Nova Lint Cum Fuzz Remover for All Woolens Sweaters, Blankets,...",Home & Kitchen,Kitchen & Home Appliances,475.0,999.0,52,524.0,4.1,1021
B0B53DS4TF,"Instant Pot Air Fryer, Vortex 2QT, Touch Control Panel, 360° EvenCrisp™ Techn...",Home & Kitchen,Kitchen & Home Appliances,4995.0,20049.0,75,15054.0,4.8,3964
B08BJN4MP3,HUL Pureit Eco Water Saver Mineral RO+UV+MF AS wall mounted/Counter top Black...,Home & Kitchen,Kitchen & Home Appliances,13999.0,24850.0,44,10851.0,4.4,8948
B0BCYQY9X5,"Livpure Glo Star RO+UV+UF+Mineraliser - 7 L Storage Tank, 15 LPH Water Purifi...",Home & Kitchen,Kitchen & Home Appliances,8499.0,16490.0,48,7991.0,4.3,97
B009UORDX4,"Philips Hi113 1000-Watt Plastic Body Ptfe Coating Dry Iron, Pack of 1",Home & Kitchen,Kitchen & Home Appliances,949.0,975.0,3,26.0,4.3,7223
B08VGDBF3B,Kuber Industries Round Non Woven Fabric Foldable Laundry Basket|Toy Storage B...,Home & Kitchen,Home Storage & Organization,395.0,499.0,21,104.0,4.0,330
B012ELCYUG,"Preethi MGA-502 0.4-Litre Grind and Store Jar (White), stainless steel, Set of 1",Home & Kitchen,Kitchen & Home Appliances,635.0,635.0,0,0.0,4.3,4570
B07S9M8YTY,"Usha Aurora 1000 W Dry Iron with Innovative Tail Light Indicator, Weilburger...",Home & Kitchen,Kitchen & Home Appliances,717.0,1390.0,48,673.0,4.0,4867
B0B19VJXQZ,"ECOVACS DEEBOT N8 2-in-1 Robotic Vacuum Cleaner, 2022 New Launch, Most Powerf...",Home & Kitchen,Kitchen & Home Appliances,27900.0,59900.0,53,32000.0,4.4,5298
B00SMFPJG0,"Kent Gold, Optima, Gold+ Spare Kit",Home & Kitchen,Kitchen & Home Appliances,649.0,670.0,3,21.0,4.1,7786
B0BHYLCL19,AVNISH Tap Water Purifier Filter Faucet 6 Layer Carbon Activated Dust Chlorin...,Home & Kitchen,Kitchen & Home Appliances,193.0,399.0,52,206.0,3.6,37
B0BPJBTB3F,Khaitan ORFin Fan heater for Home and kitchen-K0 2215,Home & Kitchen,"Heating,Cooling & Air Quality",1299.0,2495.0,48,1196.0,2.0,2
B08MXJYB2V,USHA RapidMix 500-Watt Copper Motor Mixer Grinder with 3 Jars and 5 Years War...,Home & Kitchen,Kitchen & Home Appliances,2449.0,3390.0,28,941.0,4.0,5206
B081B1JL35,"CSI INTERNATIONAL® Instant Water Geyser, Water Heater, Portable Water Heater,...",Home & Kitchen,"Heating,Cooling & Air Quality",1049.0,2499.0,58,1450.0,3.7,638
B09VL9KFDB,Havells Gatik Neo 400mm Pedestal Fan (Aqua Blue),Home & Kitchen,"Heating,Cooling & Air Quality",2399.0,4200.0,43,1801.0,3.8,397
B0B1MDZV9C,"INALSA Upright Vacuum Cleaner, 2-in-1,Handheld & Stick for Home & Office Use,...",Home & Kitchen,Kitchen & Home Appliances,2286.0,4495.0,49,2209.0,3.9,326
B08TT63N58,ROYAL STEP - AMAZON'S BRAND - Portable Electric USB Juice Maker Juicer Bottle...,Home & Kitchen,Kitchen & Home Appliances,499.0,2199.0,77,1700.0,3.1,3527
B08YK7BBD2,"Nirdambhay Mini Bag Sealer, 2 in 1 Heat Sealer and Cutter Handheld Sealing Ma...",Home & Kitchen,Kitchen & Home Appliances,429.0,999.0,57,570.0,3.0,617
B07YQ5SN4H,Cello Non-Stick Aluminium Sandwich Gas Toaster(Black),Home & Kitchen,Kitchen & Home Appliances,299.0,595.0,50,296.0,4.0,314
B0B7FJNSZR,Proven® Copper + Mineral RO+UV+UF 10 to 12 Liter RO + UV + TDS ADJUSTER Water...,Home & Kitchen,Kitchen & Home Appliances,5395.0,19990.0,73,14595.0,4.4,535
B01N6IJG0F,Morphy Richards Daisy 1000W Dry Iron with American Heritage Non-Stick Coated...,Home & Kitchen,Kitchen & Home Appliances,559.0,1010.0,45,451.0,4.1,17325
B0B84QN4CN,Wipro Vesta 1200 Watt GD201 Lightweight Automatic Dry Iron| Quick Heat Up| St...,Home & Kitchen,Kitchen & Home Appliances,660.0,1100.0,40,440.0,3.6,91
B0B8ZM9RVV,"Zuvexa Egg Boiler Poacher Automatic Off Steaming, Cooking, Boiling Double Lay...",Home & Kitchen,Kitchen & Home Appliances,419.0,999.0,58,580.0,4.4,227
B01892MIPA,AO Smith HSE-VAS-X-015 Storage 15 Litre Vertical Water Heater (Geyser) White...,Home & Kitchen,"Heating,Cooling & Air Quality",7349.0,10900.0,33,3551.0,4.2,11957
B08ZHYNTM1,Havells Festiva 1200mm Dust Resistant Ceiling Fan (Gold Mist),Home & Kitchen,"Heating,Cooling & Air Quality",2899.0,4005.0,28,1106.0,4.3,7140
B09SDDQQKP,INALSA Vaccum Cleaner Handheld 800W High Powerful Motor- Dura Clean with HEPA...,Home & Kitchen,Kitchen & Home Appliances,1799.0,3295.0,45,1496.0,3.8,687
B0B5RP43VN,"iBELL SM1515NEW Sandwich Maker with Floating Hinges, 1000Watt, Panini / Grill...",Home & Kitchen,Kitchen & Home Appliances,1474.0,4650.0,68,3176.0,4.1,1045
B096NTB9XT,Aquaguard Aura RO+UV+UF+Taste Adjuster(MTDS) with Active Copper & Zinc 7L wat...,Home & Kitchen,Kitchen & Home Appliances,15999.0,24500.0,35,8501.0,4.0,11206
B078JF6X9B,"Havells Instanio 3-Litre 4.5KW Instant Water Heater (Geyser), White Blue",Home & Kitchen,"Heating,Cooling & Air Quality",3645.0,6070.0,40,2425.0,4.2,561
B08CGW4GYR,"Milk Frother, Immersion Blender Cordlesss Foam Maker USB Rechargeable Small M...",Home & Kitchen,Kitchen & Home Appliances,375.0,999.0,62,624.0,3.6,1988
B00A328ENA,"Panasonic SR-WA22H (E) Automatic Rice Cooker, Apple Green, 2.2 Liters",Home & Kitchen,Kitchen & Home Appliances,2976.0,3945.0,25,969.0,4.2,3740
B0763K5HLQ,InstaCuppa Milk Frother for Coffee - Handheld Battery-Operated Electric Milk...,Home & Kitchen,Kitchen & Home Appliances,1099.0,1499.0,27,400.0,4.1,4401
B09PDZNSBG,"Goodscity Garment Steamer for Clothes, Steam Iron Press - Vertical & Horizont...",Home & Kitchen,Kitchen & Home Appliances,2575.0,6700.0,62,4125.0,4.2,611
B085LPT5F4,Solidaire 550-Watt Mixer Grinder with 3 Jars (Black) (SLD-550-B),Home & Kitchen,Kitchen & Home Appliances,1649.0,2800.0,41,1151.0,3.9,2162
B0B9RZ4G4W,Amazon Basics 300 W Hand Blender with Stainless Steel Stem for Hot/Cold Blend...,Home & Kitchen,Kitchen & Home Appliances,799.0,1699.0,53,900.0,4.0,97
B0085W2MUQ,Orpat HHB-100E 250-Watt Hand Blender (White),Home & Kitchen,Kitchen & Home Appliances,765.0,970.0,21,205.0,4.2,6055
B09474JWN6,HealthSense Rechargeable Lint Remover for Clothes | Fuzz and Fur Remover | El...,Home & Kitchen,Kitchen & Home Appliances,999.0,1500.0,33,501.0,4.2,386
B09G2VTHQM,"AGARO Classic Portable Yogurt Maker, 1.2L Capacity, Electric, Automatic, Grey...",Home & Kitchen,Kitchen & Home Appliances,587.0,1295.0,55,708.0,4.1,557
B07R679HTT,AGARO Imperial 240-Watt Slow Juicer with Cold Press Technology,Home & Kitchen,Kitchen & Home Appliances,12609.0,23999.0,47,11390.0,4.4,2288
B00B7GKXMG,Wipro Smartlife Super Deluxe Dry Iron- 1000W,Home & Kitchen,Kitchen & Home Appliances,699.0,850.0,18,151.0,4.1,1106
B07H3N8RJH,"AmazonBasics Cylinder Bagless Vacuum Cleaner with Power Suction, Low Sound, H...",Home & Kitchen,Kitchen & Home Appliances,3799.0,6000.0,37,2201.0,4.2,11935
B07K2HVKLL,Crompton IHL 251 1500-Watt Immersion Water Heater with Copper Heating Element...,Home & Kitchen,"Heating,Cooling & Air Quality",640.0,1020.0,37,380.0,4.1,5059
B09MQ9PDHR,SaiEllin Room Heater For Home 2000 Watts Room Heater For Bedroom | ISI Approv...,Home & Kitchen,"Heating,Cooling & Air Quality",979.0,1999.0,51,1020.0,3.9,157
B014HDJ7ZE,"Bajaj Majesty Duetto Gas 6 Ltr Vertical Water Heater ( LPG), White",Home & Kitchen,"Heating,Cooling & Air Quality",5365.0,7445.0,28,2080.0,3.9,3584
B07D2NMTTV,Black + Decker BD BXIR2201IN 2200-Watt Cord & Cordless Steam Iron (Green),Home & Kitchen,Kitchen & Home Appliances,3199.0,3500.0,9,301.0,4.2,1899
B075K76YW1,"Inalsa Hand Blender| Hand Mixer|Beater - Easy Mix, Powerful 250 Watt Motor |...",Home & Kitchen,Kitchen & Home Appliances,979.0,1395.0,30,416.0,4.2,15252
B0BNLFQDG2,"Longway Blaze 2 Rod Quartz Room Heater (White, Gray, 800 watts)",Home & Kitchen,"Heating,Cooling & Air Quality",929.0,2199.0,58,1270.0,3.7,4
B082ZQ4479,"Prestige PWG 07 Wet Grinder, 2L (Multicolor) with Coconut Scraper and Atta Kn...",Home & Kitchen,Kitchen & Home Appliances,3710.0,4330.0,14,620.0,3.7,1662
B09Y358DZQ,Pigeon Zest Mixer Grinder 3 Speed Control 750 Watt Powerful Copper Motor with...,Home & Kitchen,Kitchen & Home Appliances,2033.0,4295.0,53,2262.0,3.4,422
B09M3F4HGB,"Borosil Volcano 13 Fin Oil Filled Radiator Room Heater, 2900 W, Black",Home & Kitchen,"Heating,Cooling & Air Quality",9495.0,18990.0,50,9495.0,4.2,79
B07VZH6ZBB,Crompton Solarium Qube 15-L 5 Star Rated Storage Water Heater (Geyser) with F...,Home & Kitchen,"Heating,Cooling & Air Quality",7799.0,12500.0,38,4701.0,4.0,5160
B07F366Z51,Singer Aroma 1.8 Liter Electric Kettle High Grade Stainless Steel with Cool a...,Home & Kitchen,Kitchen & Home Appliances,949.0,2385.0,60,1436.0,4.1,2311
B077BTLQ67,"Orient Electric Aura Neo Instant 3L Water Heater (Geyser), 5-level Safety Shi...",Home & Kitchen,"Heating,Cooling & Air Quality",2790.0,4890.0,43,2100.0,3.9,588
B07YSJ7FF1,Crompton Brio 1000-Watts Dry Iron with Weilburger Coating (Sky Blue and White),Home & Kitchen,Kitchen & Home Appliances,645.0,1100.0,41,455.0,4.0,3271
B07TXCY3YK,"Butterfly Hero Mixer Grinder, 500W, 3 Jars (Grey)",Home & Kitchen,Kitchen & Home Appliances,2237.81,3899.0,43,1661.19,3.9,11004
B07TC9F7PN,Racold Eterno Pro 25L Vertical 5 Star Storage Water Heater (Geyser) with free...,Home & Kitchen,"Heating,Cooling & Air Quality",8699.0,16899.0,49,8200.0,4.2,3195
B09NS5TKPN,"LG 1.5 Ton 5 Star AI DUAL Inverter Split AC (Copper, Super Convertible 6-in-1...",Home & Kitchen,"Heating,Cooling & Air Quality",42990.0,75990.0,43,33000.0,4.3,3231
B00LP9RFSU,"Eureka Forbes Aquasure Amrit Twin Cartridge (Pack of 2), White",Home & Kitchen,Kitchen & Home Appliances,825.0,825.0,0,0.0,4.0,3246
B0B7L86YCB,Green Tales Heat Seal Mini Food Sealer-Impulse Machine for Sealing Plastic Ba...,Home & Kitchen,Kitchen & Home Appliances,161.0,300.0,46,139.0,2.6,24
B09VPH38JS,SaleOn Instant Coal Heater 500W Charcoal Burner Electric Stove Hot Plate - Mi...,Home & Kitchen,Kitchen & Home Appliances,697.0,1499.0,54,802.0,3.8,144
B01MUAUOCX,"Sujata Chutney Steel Jar, 400 ml, (White), Stainless Steel",Home & Kitchen,Kitchen & Home Appliances,688.0,747.0,8,59.0,4.5,2280
B09MB3DKG1,"KHAITAN AVAANTE KA-2013 1200 Watt 3-Rod Halogen Heater (1200 Watts, Grey)",Home & Kitchen,"Heating,Cooling & Air Quality",2199.0,3999.0,45,1800.0,3.5,340
B08QHLXWV3,Kenstar 2400 Watts 9 Fins Oil Filled Radiator with PTC Fan Heater (BLACK GOLD),Home & Kitchen,"Heating,Cooling & Air Quality",6850.0,11990.0,43,5140.0,3.9,144
B07G147SZD,NEXOMS Instant Heating Water Tap Wall Mounted with 3 Pin Indian Plug (16Amp),Home & Kitchen,"Heating,Cooling & Air Quality",2699.0,3799.0,29,1100.0,4.0,727
B09LH32678,JIALTO Mini Waffle Maker 4 Inch- 350 Watts: Stainless Steel Non-Stick Electri...,Home & Kitchen,Kitchen & Home Appliances,899.0,1999.0,55,1100.0,4.0,832
B09R1YFL6S,"Candes BlowHot All in One Silent Blower Fan Room Heater (ABS Body, White, Bro...",Home & Kitchen,"Heating,Cooling & Air Quality",1090.0,2999.0,64,1909.0,3.5,57
B07Q4NJQC5,Ionix Jewellery Scale | Weight Scale | Digital Weight Machine | weight machin...,Home & Kitchen,Kitchen & Home Appliances,295.0,599.0,51,304.0,4.0,1644
B097RN7BBK,"Kitchen Kit Electric Kettle, 1.8L Stainless Steel Tea Kettle, Fast Boil Water...",Home & Kitchen,Kitchen & Home Appliances,479.0,1999.0,76,1520.0,3.4,1066
B097MKZHNV,Racold Pronto Pro 3Litres 3KW Vertical Instant Water Heater (Geyser),Home & Kitchen,"Heating,Cooling & Air Quality",2949.0,4849.0,39,1900.0,4.2,7968
B07LG96SDB,ESN 999 Supreme Quality 1500W Immersion Water Heater Rod (Black),Home & Kitchen,"Heating,Cooling & Air Quality",335.0,510.0,34,175.0,3.8,3195
B08KS2KQTK,Pajaka® South Indian Filter Coffee Maker 200 ML 2-4 Cup / Mugs / Glass | Madr...,Home & Kitchen,Kitchen & Home Appliances,293.0,499.0,41,206.0,4.1,1456
B095K14P86,Saiyam Stainless Steel Espresso Maker Stovetop Coffee Percolator Italian Coff...,Home & Kitchen,Kitchen & Home Appliances,599.0,1299.0,54,700.0,4.2,590
B08K36NZSV,KONVIO NEER 10 Inch Spun Filter (PP SPUN) Cartridge Compatible for 10 Inch Pr...,Home & Kitchen,Kitchen & Home Appliances,499.0,999.0,50,500.0,4.3,1436
B07LDPLSZC,"Havells Glydo 1000 watt Dry Iron With American Heritage Non Stick Sole Plate,...",Home & Kitchen,Kitchen & Home Appliances,849.0,1190.0,29,341.0,4.2,4184
B07F1T31ZZ,"Raffles Premium Stainless Steel South Indian Coffee Filter/Drip Coffee Maker,...",Home & Kitchen,Kitchen & Home Appliances,249.0,400.0,38,151.0,4.1,693
B0BNDRK886,IONIX Activated Carbon Faucet Water Filters Universal Interface Home Kitchen...,Home & Kitchen,Kitchen & Home Appliances,185.0,599.0,69,414.0,3.9,1306
B09ZVJXN5L,"KNYUC MART Mini Electric Handy Room Heater Compact Plug-in, The Wall Outlet 4...",Home & Kitchen,"Heating,Cooling & Air Quality",778.0,999.0,22,221.0,3.3,8
B08JKPVDKL,INKULTURE Stainless_Steel Measuring Cups & Spoon Combo for Dry or Liquid/Kitc...,Home & Kitchen,Kitchen & Home Appliances,279.0,699.0,60,420.0,4.3,2326
B09JFR8H3Q,"Macmillan Aquafresh 5 Micron PS-05 10"" in PP Spun Filter Candle Set for All T...",Home & Kitchen,Kitchen & Home Appliances,215.0,1499.0,86,1284.0,3.9,1004
B07LDN9Q2P,"Havells D'zire 1000 watt Dry Iron With American Heritage Sole Plate, Aerodyna...",Home & Kitchen,Kitchen & Home Appliances,889.0,1295.0,31,406.0,4.3,6400
B08T8KWNQ9,TE™ Instant Electric Heating Hot and Cold Water Geyser Tap Water with Digital...,Home & Kitchen,"Heating,Cooling & Air Quality",1449.0,4999.0,71,3550.0,3.6,63
B07Y1RCCW5,"ZIGMA WinoteK WinoteK Sun Instant Water Geyser, Water Heater, Portable Water...",Home & Kitchen,"Heating,Cooling & Air Quality",1190.0,2550.0,53,1360.0,3.8,1181
B0762HXMTF,KENT 11054 Alkaline Water Filter Pitcher 3.5 L | Chemical-Free Water with Bal...,Home & Kitchen,Kitchen & Home Appliances,1799.0,1950.0,8,151.0,3.9,1888
B00K57MR22,"Sujata Dynamix DX Mixer Grinder, 900W, 3 Jars (White)",Home & Kitchen,Kitchen & Home Appliances,6120.0,8478.0,28,2358.0,4.6,6550
B07TTSS5MP,Lifelong LLMG74 750 Watt Mixer Grinder with 3 Jars (White and Grey),Home & Kitchen,Kitchen & Home Appliances,1799.0,3299.0,45,1500.0,3.8,1846
B09ZDVL7L8,"TTK Prestige Limited Orion Mixer Grinder 500 Watts, 3 Jars (1200ml, 1000ml, 5...",Home & Kitchen,Kitchen & Home Appliances,2199.0,3895.0,44,1696.0,3.9,1085
B09XHXXCFH,"AGARO Regal Electric Rice Cooker, 3L Ceramic Inner Bowl, Cooks Up to 600 Gms...",Home & Kitchen,Kitchen & Home Appliances,3685.0,5495.0,33,1810.0,4.1,290
B0BL3R4RGS,VAPJA® Portable Mini Juicer Cup Blender USB Rechargeable with 4 Blades for Sh...,Home & Kitchen,Kitchen & Home Appliances,649.0,999.0,35,350.0,3.6,4
B07P1BR7L8,"Philips HD6975/00 25 Litre Digital Oven Toaster Grill, Grey, 25 liter",Home & Kitchen,Kitchen & Home Appliances,8599.0,8995.0,4,396.0,4.4,9734
B078WB1VWJ,Usha EI 3710 Heavy Weight 1000-Watt Dry Iron with Golden American Heritage So...,Home & Kitchen,Kitchen & Home Appliances,1110.0,1599.0,31,489.0,4.3,4022
B0BP89YBC1,Campfire Spring Chef Prolix Instant Portable Water Heater Geyser 1Ltr. for Us...,Home & Kitchen,"Heating,Cooling & Air Quality",1499.0,3500.0,57,2001.0,4.7,2591
B09W9V2PXG,Themisto TH-WS20 Digital Kitchen Weighing Scale Stainless Steel (5Kg),Home & Kitchen,Kitchen & Home Appliances,759.0,1999.0,62,1240.0,4.3,532
B09XTQFFCG,"FYA Handheld Vacuum Cleaner Cordless, Wireless Hand Vacuum&Air Blower 2-in-1,...",Home & Kitchen,Kitchen & Home Appliances,2669.0,3199.0,17,530.0,3.9,260
B08LVVTGZK,"Lifelong LLSM120G Sandwich Griller , Classic Pro 750 W Sandwich Maker with 4...",Home & Kitchen,Kitchen & Home Appliances,929.0,1300.0,29,371.0,3.9,1672
B07J2BQZD6,Kuber Industries Nylon Mesh Laundry Basket|Sturdy Material & Durable Handles|...,Home & Kitchen,Home Storage & Organization,199.0,399.0,50,200.0,3.7,7945
B07HK53XM4,Bulfyss Plastic Sticky Lint Roller Hair Remover Cleaner Set of 5 Rolls 150 Sh...,Home & Kitchen,Kitchen & Home Appliances,279.0,599.0,53,320.0,3.5,1367
B08RDWBYCQ,"T TOPLINE 180 W Electric Hand Mixer,Hand Blender , Egg Beater, Cake maker , B...",Home & Kitchen,Kitchen & Home Appliances,549.0,999.0,45,450.0,4.0,1313
B09FHHTL8L,Empty Mist Trigger Plastic Spray Bottle for Multi use 200ml Pack of 2,Home & Kitchen,Home Storage & Organization,85.0,199.0,57,114.0,4.1,212
B0BHNHMR3H,LONAXA Mini Travel Rechargeable Fruit Juicer - USB Electric Fruit & Vegetable...,Home & Kitchen,Kitchen & Home Appliances,499.0,1299.0,62,800.0,3.9,65
B07D8VBYB4,"SUJATA Powermatic Plus, Juicer Mixer Grinder, 900 Watts, 2 Jars (White)",Home & Kitchen,Kitchen & Home Appliances,5865.0,7776.0,25,1911.0,4.4,2737
B0B3TBY2YX,"AGARO Royal Double Layered Kettle, 1.5 Litres, Double Layered Cool Touch , Dr...",Home & Kitchen,Kitchen & Home Appliances,1260.0,2299.0,45,1039.0,4.3,55
B088WCFPQF,Cafe JEI French Press Coffee and Tea Maker 600ml with 4 Level Filtration Syst...,Home & Kitchen,Kitchen & Home Appliances,1099.0,1500.0,27,401.0,4.5,1065
B07JZSG42Y,Borosil Prime Grill Sandwich Maker (Grey),Home & Kitchen,Kitchen & Home Appliances,1928.0,2590.0,26,662.0,4.0,2377
B08YRMBK9R,Candes 10 Litre Perfecto 5 Star Rated Automatic Instant Storage Electric Wate...,Home & Kitchen,"Heating,Cooling & Air Quality",3249.0,6299.0,48,3050.0,3.9,2569
B00935MGHS,"Prestige PSMFB 800 Watt Sandwich Toaster with Fixed Plates, Black",Home & Kitchen,Kitchen & Home Appliances,1199.0,1795.0,33,596.0,4.2,5967
B07B5XJ572,iBELL MPK120L Premium Stainless Steel Multi Purpose Kettle/Cooker with Inner...,Home & Kitchen,Kitchen & Home Appliances,1456.0,3190.0,54,1734.0,4.1,1776
B086199CWG,Maharaja Whiteline Odacio Plus 550-Watt Juicer Mixer Grinder with 3 Jars (Bla...,Home & Kitchen,Kitchen & Home Appliances,3349.0,4799.0,30,1450.0,3.7,4200
B0BBWJFK5C,Shakti Technology S3 High Pressure Car Washer Machine 1800 Watts and Pressure...,Home & Kitchen,Kitchen & Home Appliances,4899.0,8999.0,46,4100.0,4.1,297
B07GLS2563,Cello Quick Boil Popular Electric Kettle 1 Litre 1200 Watts | Stainless Steel...,Home & Kitchen,Kitchen & Home Appliances,1199.0,1899.0,37,700.0,4.2,3858
B09P182Z2H,"AGARO Glory Cool Mist Ultrasonic Humidifier, 4.5Litres, For Large Area, Room,...",Home & Kitchen,"Heating,Cooling & Air Quality",3290.0,5799.0,43,2509.0,4.3,168
B0B59K1C8F,Wolpin 1 Lint Roller with 60 Sheets Remove Clothes Lint Dog Hair Dust (19 x 1...,Home & Kitchen,Kitchen & Home Appliances,179.0,799.0,78,620.0,3.6,101
B06Y36JKC3,Abode Kitchen Essential Measuring Cup & Spoon for Spices | for Cooking and Ba...,Home & Kitchen,Kitchen & Home Appliances,149.0,300.0,50,151.0,4.1,4074
B075S9FVRY,"Sujata Supermix, Mixer Grinder, 900 Watts, 3 Jars (White)",Home & Kitchen,Kitchen & Home Appliances,5490.0,7200.0,24,1710.0,4.5,1408
B08SJVD8QD,CARDEX Digital Kitchen Weighing Machine Multipurpose Electronic Weight Scale...,Home & Kitchen,Kitchen & Home Appliances,379.0,389.0,3,10.0,4.2,3739
B07FJNNZCJ,V-Guard Zenora RO+UF+MB Water Purifier | Suitable for water with TDS up to 20...,Home & Kitchen,Kitchen & Home Appliances,8699.0,13049.0,33,4350.0,4.3,5891
B09MFR93KS,"Bajaj Rex DLX 750 W 4 Jars Mixer Grinder, White and Blue",Home & Kitchen,Kitchen & Home Appliances,3041.67,5999.0,49,2957.33,4.0,777
B07Y5FDPKV,KENT 16051 Hand Blender 300 W | 5 Variable Speed Control | Multiple Beaters &...,Home & Kitchen,Kitchen & Home Appliances,1745.0,2400.0,27,655.0,4.2,14160
B0756KCV5K,Prestige PIC 15.0+ 1900-Watt Induction Cooktop (Black),Home & Kitchen,Kitchen & Home Appliances,3180.0,5295.0,40,2115.0,4.2,6919
B0BJ6P3LSK,"Aqua d pure Active Copper 12-L RO+UV Water Filter Purifier for Home, Kitchen...",Home & Kitchen,Kitchen & Home Appliances,4999.0,24999.0,80,20000.0,4.5,287
B09HS1NDRQ,PrettyKrafts Laundry Square Shape Basket Bag/Foldable/Multipurpose/Carry Hand...,Home & Kitchen,Home Storage & Organization,390.0,799.0,51,409.0,3.8,287
B018SJJ0GE,Libra Roti Maker Electric Automatic | chapati Maker Electric Automatic | roti...,Home & Kitchen,Kitchen & Home Appliances,1999.0,2999.0,33,1000.0,4.4,388
B09FPP3R1D,"Glen 3 in 1 Electric Multi Cooker - Steam, Cook & Egg Boiler with 350 W (SA 3...",Home & Kitchen,Kitchen & Home Appliances,1624.0,2495.0,35,871.0,4.1,827
B01F7B2JCI,Dynore Stainless Steel Set of 4 Measuring Cup and 4 Measuring Spoon,Home & Kitchen,Kitchen & Home Appliances,184.0,450.0,59,266.0,4.2,4971
B09NNZ1GF7,Lint Remover For Clothes With 1 Year Warranty Fabric Shaver Lint Shaver for W...,Home & Kitchen,Kitchen & Home Appliances,445.0,999.0,55,554.0,4.3,229
B01CS4A5V4,Monitor AC Stand/Heavy Duty Air Conditioner Outdoor Unit Mounting Bracket,Home & Kitchen,"Heating,Cooling & Air Quality",699.0,1690.0,59,991.0,4.1,3524
B0BL11S5QK,"iBELL Induction Cooktop, 2000W with Auto Shut Off and Overheat Protection, BI...",Home & Kitchen,Kitchen & Home Appliances,1601.0,3890.0,59,2289.0,4.2,156
B09BL2KHQW,KENT POWP-Sediment Filter 10'' Thread WCAP,Home & Kitchen,Kitchen & Home Appliances,231.0,260.0,11,29.0,4.1,490
B081RLM75M,LACOPINE Mini Pocket Size Lint Roller (White),Home & Kitchen,Kitchen & Home Appliances,369.0,599.0,38,230.0,3.9,82
B07SYYVP69,"iBELL SEK170BM Premium Electric Kettle, 1.7 Litre, Stainless Steel with Coati...",Home & Kitchen,Kitchen & Home Appliances,809.0,1950.0,59,1141.0,3.9,710
B0BDZWMGZ1,Activa Easy Mix Nutri Mixer Grinder 500 Watt | Long Lasting Shock Proof ABS B...,Home & Kitchen,Kitchen & Home Appliances,1199.0,2990.0,60,1791.0,3.8,133
B078JT7LTD,"Sujata Dynamix, Mixer Grinder, 900 Watts, 3 Jars (White)",Home & Kitchen,Kitchen & Home Appliances,6120.0,8073.0,24,1953.0,4.6,2751
B09WF4Q7B3,Wipro Vesta 1380W Cordless Steam Iron Quick heat up with 20gm/ min Steam Burs...,Home & Kitchen,Kitchen & Home Appliances,1799.0,2599.0,31,800.0,3.6,771
B092R48XXB,"Mi Robot Vacuum-Mop P, Best-in-class Laser Navigation in 10-20K INR price ban...",Home & Kitchen,Kitchen & Home Appliances,18999.0,29999.0,37,11000.0,4.1,2536
B00KIDSU8S,Havells Ventil Air DX 200mm Exhaust Fan (White),Home & Kitchen,"Heating,Cooling & Air Quality",1999.0,2360.0,15,361.0,4.2,7801
B0977CGNJJ,"AGARO Royal Stand 1000W Mixer with 5L SS Bowl and 8 Speed Setting, Includes W...",Home & Kitchen,Kitchen & Home Appliances,5999.0,11495.0,48,5496.0,4.3,534
B08WWKM5HQ,Crompton Highspeed Markle Prime 1200 mm (48 inch) Anti-Dust Ceiling Fan with...,Home & Kitchen,"Heating,Cooling & Air Quality",2599.0,4780.0,46,2181.0,3.9,898
B015GX9Y0W,Lifelong LLWM105 750-Watt Belgian Waffle Maker for Home| Makes 2 Square Shape...,Home & Kitchen,Kitchen & Home Appliances,1199.0,2400.0,50,1201.0,3.9,1202
B089BDBDGM,Kuber Industries Waterproof Round Laundry Bag/Hamper|Polka Dots Print Print w...,Home & Kitchen,Home Storage & Organization,219.0,249.0,12,30.0,4.0,1108
B0BPBG712X,"Portable, Handy Compact Plug-in Portable Digital Electric Heater Fan Wall-Out...",Home & Kitchen,"Heating,Cooling & Air Quality",799.0,1199.0,33,400.0,4.4,17
B00JBNZPFM,"Karcher WD3 EU Wet and Dry Vacuum Cleaner, 1000 Watts Powerful Suction, 17 L...",Home & Kitchen,Kitchen & Home Appliances,6199.0,10999.0,44,4800.0,4.2,10429
B08N6P8G5K,INALSA Air Fryer Digital 4L Nutri Fry - 1400W with Smart AirCrisp Technology|...,Home & Kitchen,Kitchen & Home Appliances,6790.0,10995.0,38,4205.0,4.5,3192
B07NPBG1B4,"AmazonBasics High Speed 55 Watt Oscillating Pedestal Fan, 400mm Sweep Length,...",Home & Kitchen,"Heating,Cooling & Air Quality",1982.84,3300.0,40,1317.16,4.1,5873
B01MRARGBW,Eco Crystal J 5 inch Cartridge (Pack of 2),Home & Kitchen,Kitchen & Home Appliances,199.0,400.0,50,201.0,4.1,1379
B07VZYMQNZ,"Borosil Rio 1.5 L Electric Kettle, Stainless Steel Inner Body, Boil Water For...",Home & Kitchen,Kitchen & Home Appliances,1180.0,1440.0,18,260.0,4.2,1527
B01L7C4IU2,Havells Ambrose 1200mm Ceiling Fan (Pearl White Wood),Home & Kitchen,"Heating,Cooling & Air Quality",2199.0,3045.0,28,846.0,4.2,2686
B09H7JDJCW,"PHILIPS Drip Coffee Maker HD7432/20, 0.6 L, Ideal for 2-7 cups, Black, Medium",Home & Kitchen,Kitchen & Home Appliances,2999.0,3595.0,17,596.0,4.0,178
B07F6GXNPB,"Eureka Forbes Euroclean Paper Vacuum Cleaner Dust Bags for Excel, Ace, 300, J...",Home & Kitchen,Kitchen & Home Appliances,253.0,500.0,49,247.0,4.3,2664
B0B97D658R,Larrito wooden Cool Mist Humidifiers Essential Oil Diffuser Aroma Air Humidif...,Home & Kitchen,"Heating,Cooling & Air Quality",499.0,799.0,38,300.0,3.6,212
B09NFSHCWN,Hilton Quartz Heater 400/800-Watt ISI 2 Rods Multi Mode Heater Long Lasting Q...,Home & Kitchen,"Heating,Cooling & Air Quality",1149.0,1899.0,39,750.0,3.5,24
B076VQS87V,Syska SDI-07 1000 W Stellar with Golden American Heritage Soleplate Dry Iron...,Home & Kitchen,Kitchen & Home Appliances,457.0,799.0,43,342.0,4.3,1868
B09LMMFW3S,"IKEA Milk Frother for Your Milk, Coffee,(Cold and hot Drinks), Black",Home & Kitchen,Kitchen & Home Appliances,229.0,399.0,43,170.0,3.6,451
B0BBLHTRM9,IONIX Tap filter Multilayer | Activated Carbon Faucet Water Filters Universal...,Home & Kitchen,Kitchen & Home Appliances,199.0,699.0,72,500.0,2.9,159
B0BJYSCWFQ,Kitchengenix's Mini Waffle Maker 4 Inch- 350 Watts: Stainless Steel Non-Stick...,Home & Kitchen,Kitchen & Home Appliances,899.0,1999.0,55,1100.0,4.2,39
B0187F2IOK,"Bajaj HM-01 Powerful 250W Hand Mixer, Black",Home & Kitchen,Kitchen & Home Appliances,1499.0,2199.0,32,700.0,4.4,6531
B0B8CB7MHW,"KNOWZA Electric Handheld Milk Wand Mixer Frother for Latte Coffee Hot Milk, M...",Home & Kitchen,Kitchen & Home Appliances,426.0,999.0,57,573.0,4.1,222
B07K19NYZ8,Usha Hc 812 T Thermo Fan Room Heater,Home & Kitchen,"Heating,Cooling & Air Quality",2320.0,3290.0,29,970.0,3.8,195
B08ZXZ362Z,akiara - Makes life easy Mini Sewing Machine for Home Tailoring use | Mini Si...,Home & Kitchen,Kitchen & Home Appliances,1563.0,3098.0,50,1535.0,3.5,2283
B00GHL8VP2,"USHA 1212 PTC with Adjustable Thermostat Fan Heater (Black/Brown, 1500-Watts).",Home & Kitchen,"Heating,Cooling & Air Quality",3487.77,4990.0,30,1502.23,4.1,1127
B0B9JZW1SQ,"4 in 1 Handheld Electric Vegetable Cutter Set,Wireless Food Processor Electri...",Home & Kitchen,Kitchen & Home Appliances,498.0,1200.0,59,702.0,3.2,113
B00TI8E7BI,Philips HD9306/06 1.5-Litre Electric Kettle (Multicolor),Home & Kitchen,Kitchen & Home Appliances,2695.0,2695.0,0,0.0,4.4,2518
B07J9KXQCC,"Libra Room Heater for Home, Room Heaters Home for Winter, Electric Heater wit...",Home & Kitchen,"Heating,Cooling & Air Quality",949.0,2299.0,59,1350.0,3.6,550
B0B3JSWG81,NGI Store 2 Pieces Pet Hair Removers for Your Laundry Catcher Lint Remover fo...,Home & Kitchen,Kitchen & Home Appliances,199.0,999.0,80,800.0,3.1,2
B08L7J3T31,Noir Aqua - 5pcs PP Spun Filter + 1 Spanner | for All Types of RO Water purif...,Home & Kitchen,Kitchen & Home Appliances,379.0,919.0,59,540.0,4.0,1090
B01M6453MB,"Prestige Delight PRWO Electric Rice Cooker (1 L, White)",Home & Kitchen,Kitchen & Home Appliances,2280.0,3045.0,25,765.0,4.1,4118
B009P2LIL4,"Bajaj Majesty RX10 2000 Watts Heat Convector Room Heater (White, ISI Approved)",Home & Kitchen,"Heating,Cooling & Air Quality",2219.0,3080.0,28,861.0,3.6,468
B00J5DYCCA,Havells Ventil Air DSP 230mm Exhaust Fan (Pista Green),Home & Kitchen,"Heating,Cooling & Air Quality",1399.0,1890.0,26,491.0,4.0,8031
B01486F4G6,Borosil Jumbo 1000-Watt Grill Sandwich Maker (Black),Home & Kitchen,Kitchen & Home Appliances,2863.0,3690.0,22,827.0,4.3,6987
